name,folder,format,description,dax,dynamicFormat
Cenário Efetivo,12 | Comparativos,,Cenário único; sem seleção usa Realizado. Múltiplos cenários devem ser apresentados em colunas da matriz.,"SELECTEDVALUE(dCenario[Cenario], ""Realizado"")",
Seleção de Cenário Válida,13 | QA,"#,0",Seleção de Cenário Válida. Respeita o período selecionado e as convenções financeiras do Excel.,"IF(NOT ISFILTERED(dCenario[Cenario]) || HASONEVALUE(dCenario[Cenario]), 1, 0)",
Meses Disponíveis,13 | QA,"#,0",Meses Disponíveis. Respeita o período selecionado e as convenções financeiras do Excel.,"VAR C = [Cenário Efetivo]
RETURN CALCULATE(DISTINCTCOUNT(fFinanceiro[Data]), KEEPFILTERS(dCenario[Cenario] = C))",
Último Mês,12 | Comparativos,mmm yyyy,Último Mês. Respeita o período selecionado e as convenções financeiras do Excel.,"VAR C = [Cenário Efetivo]
RETURN CALCULATE(MAX(fFinanceiro[Data]), KEEPFILTERS(dCenario[Cenario] = C))",
Primeiro Mês,12 | Comparativos,mmm yyyy,Primeiro Mês. Respeita o período selecionado e as convenções financeiras do Excel.,"VAR C = [Cenário Efetivo]
RETURN CALCULATE(MIN(fFinanceiro[Data]), KEEPFILTERS(dCenario[Cenario] = C))",
Receita Bruta,01 | Receita,"""R$"" #,0.00;[Red](""R$"" #,0.00);""R$"" 0.00",Receita Bruta. Respeita o período selecionado e as convenções financeiras do Excel.,"VAR C = [Cenário Efetivo]
RETURN IF([Seleção de Cenário Válida] = 1, CALCULATE(SUM(fFinanceiro[ReceitaBruta]), KEEPFILTERS(dCenario[Cenario] = C)))",
Deduções,01 | Receita,"""R$"" #,0.00;[Red](""R$"" #,0.00);""R$"" 0.00",Deduções. Respeita o período selecionado e as convenções financeiras do Excel.,"VAR C = [Cenário Efetivo]
RETURN IF([Seleção de Cenário Válida] = 1, CALCULATE(SUM(fFinanceiro[Deducoes]), KEEPFILTERS(dCenario[Cenario] = C)))",
Receita Líquida,01 | Receita,"""R$"" #,0.00;[Red](""R$"" #,0.00);""R$"" 0.00",Receita Líquida. Respeita o período selecionado e as convenções financeiras do Excel.,"VAR C = [Cenário Efetivo]
RETURN IF([Seleção de Cenário Válida] = 1, CALCULATE(SUM(fFinanceiro[ReceitaLiquida]), KEEPFILTERS(dCenario[Cenario] = C)))",
CMV,03 | Resultado,"""R$"" #,0.00;[Red](""R$"" #,0.00);""R$"" 0.00",CMV. Respeita o período selecionado e as convenções financeiras do Excel.,"VAR C = [Cenário Efetivo]
RETURN IF([Seleção de Cenário Válida] = 1, CALCULATE(SUM(fFinanceiro[CMV]), KEEPFILTERS(dCenario[Cenario] = C)))",
Lucro Bruto,03 | Resultado,"""R$"" #,0.00;[Red](""R$"" #,0.00);""R$"" 0.00",Lucro Bruto. Respeita o período selecionado e as convenções financeiras do Excel.,"VAR C = [Cenário Efetivo]
RETURN IF([Seleção de Cenário Válida] = 1, CALCULATE(SUM(fFinanceiro[LucroBruto]), KEEPFILTERS(dCenario[Cenario] = C)))",
Pessoal,03 | Resultado,"""R$"" #,0.00;[Red](""R$"" #,0.00);""R$"" 0.00",Pessoal. Respeita o período selecionado e as convenções financeiras do Excel.,"VAR C = [Cenário Efetivo]
RETURN IF([Seleção de Cenário Válida] = 1, CALCULATE(SUM(fFinanceiro[Pessoal]), KEEPFILTERS(dCenario[Cenario] = C)))",
Comercial,03 | Resultado,"""R$"" #,0.00;[Red](""R$"" #,0.00);""R$"" 0.00",Comercial. Respeita o período selecionado e as convenções financeiras do Excel.,"VAR C = [Cenário Efetivo]
RETURN IF([Seleção de Cenário Válida] = 1, CALCULATE(SUM(fFinanceiro[Comercial]), KEEPFILTERS(dCenario[Cenario] = C)))",
Administrativo,03 | Resultado,"""R$"" #,0.00;[Red](""R$"" #,0.00);""R$"" 0.00",Administrativo. Respeita o período selecionado e as convenções financeiras do Excel.,"VAR C = [Cenário Efetivo]
RETURN IF([Seleção de Cenário Válida] = 1, CALCULATE(SUM(fFinanceiro[Administrativo]), KEEPFILTERS(dCenario[Cenario] = C)))",
Tecnologia,03 | Resultado,"""R$"" #,0.00;[Red](""R$"" #,0.00);""R$"" 0.00",Tecnologia. Respeita o período selecionado e as convenções financeiras do Excel.,"VAR C = [Cenário Efetivo]
RETURN IF([Seleção de Cenário Válida] = 1, CALCULATE(SUM(fFinanceiro[Tecnologia]), KEEPFILTERS(dCenario[Cenario] = C)))",
Logística,03 | Resultado,"""R$"" #,0.00;[Red](""R$"" #,0.00);""R$"" 0.00",Logística. Respeita o período selecionado e as convenções financeiras do Excel.,"VAR C = [Cenário Efetivo]
RETURN IF([Seleção de Cenário Válida] = 1, CALCULATE(SUM(fFinanceiro[Logistica]), KEEPFILTERS(dCenario[Cenario] = C)))",
Opex,03 | Resultado,"""R$"" #,0.00;[Red](""R$"" #,0.00);""R$"" 0.00",Opex. Respeita o período selecionado e as convenções financeiras do Excel.,"VAR C = [Cenário Efetivo]
RETURN IF([Seleção de Cenário Válida] = 1, CALCULATE(SUM(fFinanceiro[Opex]), KEEPFILTERS(dCenario[Cenario] = C)))",
EBITDA,03 | Resultado,"""R$"" #,0.00;[Red](""R$"" #,0.00);""R$"" 0.00",EBITDA. Respeita o período selecionado e as convenções financeiras do Excel.,"VAR C = [Cenário Efetivo]
RETURN IF([Seleção de Cenário Válida] = 1, CALCULATE(SUM(fFinanceiro[EBITDA]), KEEPFILTERS(dCenario[Cenario] = C)))",
Depreciação,03 | Resultado,"""R$"" #,0.00;[Red](""R$"" #,0.00);""R$"" 0.00",Depreciação. Respeita o período selecionado e as convenções financeiras do Excel.,"VAR C = [Cenário Efetivo]
RETURN IF([Seleção de Cenário Válida] = 1, CALCULATE(SUM(fFinanceiro[Depreciacao]), KEEPFILTERS(dCenario[Cenario] = C)))",
EBIT,03 | Resultado,"""R$"" #,0.00;[Red](""R$"" #,0.00);""R$"" 0.00",EBIT. Respeita o período selecionado e as convenções financeiras do Excel.,"VAR C = [Cenário Efetivo]
RETURN IF([Seleção de Cenário Válida] = 1, CALCULATE(SUM(fFinanceiro[EBIT]), KEEPFILTERS(dCenario[Cenario] = C)))",
Juros,03 | Resultado,"""R$"" #,0.00;[Red](""R$"" #,0.00);""R$"" 0.00",Juros. Respeita o período selecionado e as convenções financeiras do Excel.,"VAR C = [Cenário Efetivo]
RETURN IF([Seleção de Cenário Válida] = 1, CALCULATE(SUM(fFinanceiro[Juros]), KEEPFILTERS(dCenario[Cenario] = C)))",
LAIR,03 | Resultado,"""R$"" #,0.00;[Red](""R$"" #,0.00);""R$"" 0.00",LAIR. Respeita o período selecionado e as convenções financeiras do Excel.,"VAR C = [Cenário Efetivo]
RETURN IF([Seleção de Cenário Válida] = 1, CALCULATE(SUM(fFinanceiro[LAIR]), KEEPFILTERS(dCenario[Cenario] = C)))",
IR Simulado,03 | Resultado,"""R$"" #,0.00;[Red](""R$"" #,0.00);""R$"" 0.00",IR Simulado. Respeita o período selecionado e as convenções financeiras do Excel.,"VAR C = [Cenário Efetivo]
RETURN IF([Seleção de Cenário Válida] = 1, CALCULATE(SUM(fFinanceiro[IRSimulado]), KEEPFILTERS(dCenario[Cenario] = C)))",
Lucro Líquido,03 | Resultado,"""R$"" #,0.00;[Red](""R$"" #,0.00);""R$"" 0.00",Lucro Líquido. Respeita o período selecionado e as convenções financeiras do Excel.,"VAR C = [Cenário Efetivo]
RETURN IF([Seleção de Cenário Válida] = 1, CALCULATE(SUM(fFinanceiro[LucroLiquido]), KEEPFILTERS(dCenario[Cenario] = C)))",
FCO,06 | Caixa,"""R$"" #,0.00;[Red](""R$"" #,0.00);""R$"" 0.00",FCO. Respeita o período selecionado e as convenções financeiras do Excel.,"VAR C = [Cenário Efetivo]
RETURN IF([Seleção de Cenário Válida] = 1, CALCULATE(SUM(fFinanceiro[FCO_Indireto]), KEEPFILTERS(dCenario[Cenario] = C)))",
FCO Direto,06 | Caixa,"""R$"" #,0.00;[Red](""R$"" #,0.00);""R$"" 0.00",FCO Direto. Respeita o período selecionado e as convenções financeiras do Excel.,"VAR C = [Cenário Efetivo]
RETURN IF([Seleção de Cenário Válida] = 1, CALCULATE(SUM(fFinanceiro[FCO_Direto]), KEEPFILTERS(dCenario[Cenario] = C)))",
FCI,06 | Caixa,"""R$"" #,0.00;[Red](""R$"" #,0.00);""R$"" 0.00",FCI. Respeita o período selecionado e as convenções financeiras do Excel.,"VAR C = [Cenário Efetivo]
RETURN IF([Seleção de Cenário Válida] = 1, CALCULATE(SUM(fFinanceiro[FCI]), KEEPFILTERS(dCenario[Cenario] = C)))",
FCF,06 | Caixa,"""R$"" #,0.00;[Red](""R$"" #,0.00);""R$"" 0.00",Fluxo de financiamento: captação menos amortização e dividendos. Não representa FCL.,"VAR C = [Cenário Efetivo]
RETURN IF([Seleção de Cenário Válida] = 1, CALCULATE(SUM(fFinanceiro[FCF]), KEEPFILTERS(dCenario[Cenario] = C)))",
Fluxo de Caixa Livre,06 | Caixa,"""R$"" #,0.00;[Red](""R$"" #,0.00);""R$"" 0.00",Fluxo de Caixa Livre. Respeita o período selecionado e as convenções financeiras do Excel.,"VAR C = [Cenário Efetivo]
RETURN IF([Seleção de Cenário Válida] = 1, CALCULATE(SUM(fFinanceiro[FC_Livre]), KEEPFILTERS(dCenario[Cenario] = C)))",
Capex,06 | Caixa,"""R$"" #,0.00;[Red](""R$"" #,0.00);""R$"" 0.00",Capex. Respeita o período selecionado e as convenções financeiras do Excel.,"VAR C = [Cenário Efetivo]
RETURN IF([Seleção de Cenário Válida] = 1, CALCULATE(SUM(fFinanceiro[Capex]), KEEPFILTERS(dCenario[Cenario] = C)))",
Captação,06 | Caixa,"""R$"" #,0.00;[Red](""R$"" #,0.00);""R$"" 0.00",Captação. Respeita o período selecionado e as convenções financeiras do Excel.,"VAR C = [Cenário Efetivo]
RETURN IF([Seleção de Cenário Válida] = 1, CALCULATE(SUM(fFinanceiro[Captacao]), KEEPFILTERS(dCenario[Cenario] = C)))",
Amortização,06 | Caixa,"""R$"" #,0.00;[Red](""R$"" #,0.00);""R$"" 0.00",Amortização. Respeita o período selecionado e as convenções financeiras do Excel.,"VAR C = [Cenário Efetivo]
RETURN IF([Seleção de Cenário Válida] = 1, CALCULATE(SUM(fFinanceiro[Amortizacao]), KEEPFILTERS(dCenario[Cenario] = C)))",
Dividendos,06 | Caixa,"""R$"" #,0.00;[Red](""R$"" #,0.00);""R$"" 0.00",Dividendos. Respeita o período selecionado e as convenções financeiras do Excel.,"VAR C = [Cenário Efetivo]
RETURN IF([Seleção de Cenário Válida] = 1, CALCULATE(SUM(fFinanceiro[Dividendos]), KEEPFILTERS(dCenario[Cenario] = C)))",
Variação de Caixa,06 | Caixa,"""R$"" #,0.00;[Red](""R$"" #,0.00);""R$"" 0.00",Variação de Caixa. Respeita o período selecionado e as convenções financeiras do Excel.,"VAR C = [Cenário Efetivo]
RETURN IF([Seleção de Cenário Válida] = 1, CALCULATE(SUM(fFinanceiro[VariacaoCaixa]), KEEPFILTERS(dCenario[Cenario] = C)))",
Caixa Final,06 | Caixa,"""R$"" #,0.00;[Red](""R$"" #,0.00);""R$"" 0.00",Posição do último mês disponível por cenário; nunca soma saldos mensais.,"VAR C = [Cenário Efetivo]
VAR M = [Último Mês]
RETURN IF([Seleção de Cenário Válida] = 1 && NOT ISBLANK(M), CALCULATE(SUM(fFinanceiro[CaixaFinal]), KEEPFILTERS(dCenario[Cenario] = C), KEEPFILTERS(dCalendario[Data] = M)))",
Clientes,07 | Capital de Giro,"""R$"" #,0.00;[Red](""R$"" #,0.00);""R$"" 0.00",Posição do último mês disponível por cenário; nunca soma saldos mensais.,"VAR C = [Cenário Efetivo]
VAR M = [Último Mês]
RETURN IF([Seleção de Cenário Válida] = 1 && NOT ISBLANK(M), CALCULATE(SUM(fFinanceiro[Clientes]), KEEPFILTERS(dCenario[Cenario] = C), KEEPFILTERS(dCalendario[Data] = M)))",
Estoque,07 | Capital de Giro,"""R$"" #,0.00;[Red](""R$"" #,0.00);""R$"" 0.00",Posição do último mês disponível por cenário; nunca soma saldos mensais.,"VAR C = [Cenário Efetivo]
VAR M = [Último Mês]
RETURN IF([Seleção de Cenário Válida] = 1 && NOT ISBLANK(M), CALCULATE(SUM(fFinanceiro[Estoque]), KEEPFILTERS(dCenario[Cenario] = C), KEEPFILTERS(dCalendario[Data] = M)))",
Fornecedores,07 | Capital de Giro,"""R$"" #,0.00;[Red](""R$"" #,0.00);""R$"" 0.00",Posição do último mês disponível por cenário; nunca soma saldos mensais.,"VAR C = [Cenário Efetivo]
VAR M = [Último Mês]
RETURN IF([Seleção de Cenário Válida] = 1 && NOT ISBLANK(M), CALCULATE(SUM(fFinanceiro[Fornecedores]), KEEPFILTERS(dCenario[Cenario] = C), KEEPFILTERS(dCalendario[Data] = M)))",
Salários a Pagar,08 | Balanço,"""R$"" #,0.00;[Red](""R$"" #,0.00);""R$"" 0.00",Posição do último mês disponível por cenário; nunca soma saldos mensais.,"VAR C = [Cenário Efetivo]
VAR M = [Último Mês]
RETURN IF([Seleção de Cenário Válida] = 1 && NOT ISBLANK(M), CALCULATE(SUM(fFinanceiro[SalariosPagar]), KEEPFILTERS(dCenario[Cenario] = C), KEEPFILTERS(dCalendario[Data] = M)))",
Tributos sobre Venda a Pagar,08 | Balanço,"""R$"" #,0.00;[Red](""R$"" #,0.00);""R$"" 0.00",Posição do último mês disponível por cenário; nunca soma saldos mensais.,"VAR C = [Cenário Efetivo]
VAR M = [Último Mês]
RETURN IF([Seleção de Cenário Válida] = 1 && NOT ISBLANK(M), CALCULATE(SUM(fFinanceiro[TributosVendaPagar]), KEEPFILTERS(dCenario[Cenario] = C), KEEPFILTERS(dCalendario[Data] = M)))",
IR a Pagar,08 | Balanço,"""R$"" #,0.00;[Red](""R$"" #,0.00);""R$"" 0.00",Posição do último mês disponível por cenário; nunca soma saldos mensais.,"VAR C = [Cenário Efetivo]
VAR M = [Último Mês]
RETURN IF([Seleção de Cenário Válida] = 1 && NOT ISBLANK(M), CALCULATE(SUM(fFinanceiro[IRPagar]), KEEPFILTERS(dCenario[Cenario] = C), KEEPFILTERS(dCalendario[Data] = M)))",
NCG,07 | Capital de Giro,"""R$"" #,0.00;[Red](""R$"" #,0.00);""R$"" 0.00","Clientes + estoque − fornecedores − salários − tributos sobre vendas − IR a pagar, no último mês.","VAR C = [Cenário Efetivo]
VAR M = [Último Mês]
RETURN IF([Seleção de Cenário Válida] = 1 && NOT ISBLANK(M), CALCULATE(SUM(fFinanceiro[NCG]), KEEPFILTERS(dCenario[Cenario] = C), KEEPFILTERS(dCalendario[Data] = M)))",
DSO,07 | Capital de Giro,"0"" dias""",Posição do último mês disponível por cenário; nunca soma saldos mensais.,"VAR C = [Cenário Efetivo]
VAR M = [Último Mês]
RETURN IF([Seleção de Cenário Válida] = 1 && NOT ISBLANK(M), CALCULATE(SUM(fFinanceiro[DSO]), KEEPFILTERS(dCenario[Cenario] = C), KEEPFILTERS(dCalendario[Data] = M)))",
DIO,07 | Capital de Giro,"0"" dias""",Posição do último mês disponível por cenário; nunca soma saldos mensais.,"VAR C = [Cenário Efetivo]
VAR M = [Último Mês]
RETURN IF([Seleção de Cenário Válida] = 1 && NOT ISBLANK(M), CALCULATE(SUM(fFinanceiro[DIO]), KEEPFILTERS(dCenario[Cenario] = C), KEEPFILTERS(dCalendario[Data] = M)))",
DPO,07 | Capital de Giro,"0"" dias""",Posição do último mês disponível por cenário; nunca soma saldos mensais.,"VAR C = [Cenário Efetivo]
VAR M = [Último Mês]
RETURN IF([Seleção de Cenário Válida] = 1 && NOT ISBLANK(M), CALCULATE(SUM(fFinanceiro[DPO]), KEEPFILTERS(dCenario[Cenario] = C), KEEPFILTERS(dCalendario[Data] = M)))",
Ativo,08 | Balanço,"""R$"" #,0.00;[Red](""R$"" #,0.00);""R$"" 0.00",Posição do último mês disponível por cenário; nunca soma saldos mensais.,"VAR C = [Cenário Efetivo]
VAR M = [Último Mês]
RETURN IF([Seleção de Cenário Válida] = 1 && NOT ISBLANK(M), CALCULATE(SUM(fFinanceiro[Ativo]), KEEPFILTERS(dCenario[Cenario] = C), KEEPFILTERS(dCalendario[Data] = M)))",
Passivo,08 | Balanço,"""R$"" #,0.00;[Red](""R$"" #,0.00);""R$"" 0.00",Posição do último mês disponível por cenário; nunca soma saldos mensais.,"VAR C = [Cenário Efetivo]
VAR M = [Último Mês]
RETURN IF([Seleção de Cenário Válida] = 1 && NOT ISBLANK(M), CALCULATE(SUM(fFinanceiro[Passivo]), KEEPFILTERS(dCenario[Cenario] = C), KEEPFILTERS(dCalendario[Data] = M)))",
Patrimônio Líquido,08 | Balanço,"""R$"" #,0.00;[Red](""R$"" #,0.00);""R$"" 0.00",Posição do último mês disponível por cenário; nunca soma saldos mensais.,"VAR C = [Cenário Efetivo]
VAR M = [Último Mês]
RETURN IF([Seleção de Cenário Válida] = 1 && NOT ISBLANK(M), CALCULATE(SUM(fFinanceiro[PL]), KEEPFILTERS(dCenario[Cenario] = C), KEEPFILTERS(dCalendario[Data] = M)))",
Ativo Circulante,08 | Balanço,"""R$"" #,0.00;[Red](""R$"" #,0.00);""R$"" 0.00",Posição do último mês disponível por cenário; nunca soma saldos mensais.,"VAR C = [Cenário Efetivo]
VAR M = [Último Mês]
RETURN IF([Seleção de Cenário Válida] = 1 && NOT ISBLANK(M), CALCULATE(SUM(fFinanceiro[AtivoCirculante]), KEEPFILTERS(dCenario[Cenario] = C), KEEPFILTERS(dCalendario[Data] = M)))",
Ativo Não Circulante,08 | Balanço,"""R$"" #,0.00;[Red](""R$"" #,0.00);""R$"" 0.00",Posição do último mês disponível por cenário; nunca soma saldos mensais.,"VAR C = [Cenário Efetivo]
VAR M = [Último Mês]
RETURN IF([Seleção de Cenário Válida] = 1 && NOT ISBLANK(M), CALCULATE(SUM(fFinanceiro[AtivoNaoCirculante]), KEEPFILTERS(dCenario[Cenario] = C), KEEPFILTERS(dCalendario[Data] = M)))",
Imobilizado Bruto,08 | Balanço,"""R$"" #,0.00;[Red](""R$"" #,0.00);""R$"" 0.00",Posição do último mês disponível por cenário; nunca soma saldos mensais.,"VAR C = [Cenário Efetivo]
VAR M = [Último Mês]
RETURN IF([Seleção de Cenário Válida] = 1 && NOT ISBLANK(M), CALCULATE(SUM(fFinanceiro[ImobilizadoBruto]), KEEPFILTERS(dCenario[Cenario] = C), KEEPFILTERS(dCalendario[Data] = M)))",
Depreciação Acumulada,08 | Balanço,"""R$"" #,0.00;[Red](""R$"" #,0.00);""R$"" 0.00",Posição do último mês disponível por cenário; nunca soma saldos mensais.,"VAR C = [Cenário Efetivo]
VAR M = [Último Mês]
RETURN IF([Seleção de Cenário Válida] = 1 && NOT ISBLANK(M), CALCULATE(SUM(fFinanceiro[DepAcumulada]), KEEPFILTERS(dCenario[Cenario] = C), KEEPFILTERS(dCalendario[Data] = M)))",
Passivo Circulante,08 | Balanço,"""R$"" #,0.00;[Red](""R$"" #,0.00);""R$"" 0.00",Posição do último mês disponível por cenário; nunca soma saldos mensais.,"VAR C = [Cenário Efetivo]
VAR M = [Último Mês]
RETURN IF([Seleção de Cenário Válida] = 1 && NOT ISBLANK(M), CALCULATE(SUM(fFinanceiro[PassivoCirculante]), KEEPFILTERS(dCenario[Cenario] = C), KEEPFILTERS(dCalendario[Data] = M)))",
Passivo Não Circulante,08 | Balanço,"""R$"" #,0.00;[Red](""R$"" #,0.00);""R$"" 0.00",Posição do último mês disponível por cenário; nunca soma saldos mensais.,"VAR C = [Cenário Efetivo]
VAR M = [Último Mês]
RETURN IF([Seleção de Cenário Válida] = 1 && NOT ISBLANK(M), CALCULATE(SUM(fFinanceiro[PassivoNaoCirculante]), KEEPFILTERS(dCenario[Cenario] = C), KEEPFILTERS(dCalendario[Data] = M)))",
Capital,08 | Balanço,"""R$"" #,0.00;[Red](""R$"" #,0.00);""R$"" 0.00",Posição do último mês disponível por cenário; nunca soma saldos mensais.,"VAR C = [Cenário Efetivo]
VAR M = [Último Mês]
RETURN IF([Seleção de Cenário Válida] = 1 && NOT ISBLANK(M), CALCULATE(SUM(fFinanceiro[Capital]), KEEPFILTERS(dCenario[Cenario] = C), KEEPFILTERS(dCalendario[Data] = M)))",
Lucros Acumulados,08 | Balanço,"""R$"" #,0.00;[Red](""R$"" #,0.00);""R$"" 0.00",Posição do último mês disponível por cenário; nunca soma saldos mensais.,"VAR C = [Cenário Efetivo]
VAR M = [Último Mês]
RETURN IF([Seleção de Cenário Válida] = 1 && NOT ISBLANK(M), CALCULATE(SUM(fFinanceiro[LucrosAcumulados]), KEEPFILTERS(dCenario[Cenario] = C), KEEPFILTERS(dCalendario[Data] = M)))",
Dívida,09 | Dívida,"""R$"" #,0.00;[Red](""R$"" #,0.00);""R$"" 0.00",Posição do último mês disponível por cenário; nunca soma saldos mensais.,"VAR C = [Cenário Efetivo]
VAR M = [Último Mês]
RETURN IF([Seleção de Cenário Válida] = 1 && NOT ISBLANK(M), CALCULATE(SUM(fFinanceiro[Divida]), KEEPFILTERS(dCenario[Cenario] = C), KEEPFILTERS(dCalendario[Data] = M)))",
Dívida CP,09 | Dívida,"""R$"" #,0.00;[Red](""R$"" #,0.00);""R$"" 0.00",Posição do último mês disponível por cenário; nunca soma saldos mensais.,"VAR C = [Cenário Efetivo]
VAR M = [Último Mês]
RETURN IF([Seleção de Cenário Válida] = 1 && NOT ISBLANK(M), CALCULATE(SUM(fFinanceiro[DividaCP]), KEEPFILTERS(dCenario[Cenario] = C), KEEPFILTERS(dCalendario[Data] = M)))",
Dívida LP,09 | Dívida,"""R$"" #,0.00;[Red](""R$"" #,0.00);""R$"" 0.00",Posição do último mês disponível por cenário; nunca soma saldos mensais.,"VAR C = [Cenário Efetivo]
VAR M = [Último Mês]
RETURN IF([Seleção de Cenário Válida] = 1 && NOT ISBLANK(M), CALCULATE(SUM(fFinanceiro[DividaLP]), KEEPFILTERS(dCenario[Cenario] = C), KEEPFILTERS(dCalendario[Data] = M)))",
Dívida Líquida,09 | Dívida,"""R$"" #,0.00;[Red](""R$"" #,0.00);""R$"" 0.00",Posição do último mês disponível por cenário; nunca soma saldos mensais.,"VAR C = [Cenário Efetivo]
VAR M = [Último Mês]
RETURN IF([Seleção de Cenário Válida] = 1 && NOT ISBLANK(M), CALCULATE(SUM(fFinanceiro[DividaLiquida]), KEEPFILTERS(dCenario[Cenario] = C), KEEPFILTERS(dCalendario[Data] = M)))",
Caixa Inicial,06 | Caixa,"""R$"" #,0.00;[Red](""R$"" #,0.00);""R$"" 0.00",Caixa Inicial. Respeita o período selecionado e as convenções financeiras do Excel.,"VAR C = [Cenário Efetivo]
VAR M = [Primeiro Mês]
RETURN IF([Seleção de Cenário Válida] = 1 && NOT ISBLANK(M), CALCULATE(SUM(fFinanceiro[CaixaInicial]), KEEPFILTERS(dCenario[Cenario] = C), KEEPFILTERS(dCalendario[Data] = M)))",
Margem EBITDA,02 | Margens,0.0%;[Red](0.0%);0.0%,Margem EBITDA. Respeita o período selecionado e as convenções financeiras do Excel.,"DIVIDE([EBITDA], [Receita Líquida])",
Margem Líquida,02 | Margens,0.0%;[Red](0.0%);0.0%,Margem Líquida. Respeita o período selecionado e as convenções financeiras do Excel.,"DIVIDE([Lucro Líquido], [Receita Líquida])",
Margem Bruta,02 | Margens,0.0%;[Red](0.0%);0.0%,Margem Bruta. Respeita o período selecionado e as convenções financeiras do Excel.,"DIVIDE([Lucro Bruto], [Receita Líquida])",
Ciclo de Caixa,07 | Capital de Giro,"0"" dias""",Ciclo de Caixa. Respeita o período selecionado e as convenções financeiras do Excel.,[DSO] + [DIO] - [DPO],
Liquidez Corrente,08 | Balanço,"0.00""x""",Liquidez Corrente. Respeita o período selecionado e as convenções financeiras do Excel.,"DIVIDE([Ativo Circulante], [Passivo Circulante])",
Cobertura de Juros,09 | Dívida,"0.00""x""",Cobertura de Juros. Respeita o período selecionado e as convenções financeiras do Excel.,"DIVIDE([EBIT], [Juros])",
Dívida / EBITDA LTM,09 | Dívida,"0.00""x""",Dívida final / EBITDA dos últimos 12 meses do mesmo cenário. Vazio se histórico do cenário for incompleto ou EBITDA não positivo.,"VAR M = [Último Mês]
VAR C = [Cenário Efetivo]
VAR Janela = DATESINPERIOD(dCalendario[Data], EOMONTH(M,0), -12, MONTH)
VAR N = CALCULATE(DISTINCTCOUNT(fFinanceiro[Data]), REMOVEFILTERS(dCalendario), Janela, KEEPFILTERS(dCenario[Cenario] = C))
VAR E = CALCULATE([EBITDA], REMOVEFILTERS(dCalendario), Janela)
RETURN IF(N = 12 && E > 0, DIVIDE([Dívida], E))",
Realizado,04 | Orçamento,"""R$"" #,0.00;[Red](""R$"" #,0.00);""R$"" 0.00",Receita líquida com cenário forçado; ignora slicer conflitante de cenário.,"CALCULATE([Receita Líquida], REMOVEFILTERS(dCenario), dCenario[Cenario] = ""Realizado"")",
Orçamento,04 | Orçamento,"""R$"" #,0.00;[Red](""R$"" #,0.00);""R$"" 0.00",Receita líquida com cenário forçado; ignora slicer conflitante de cenário.,"CALCULATE([Receita Líquida], REMOVEFILTERS(dCenario), dCenario[Cenario] = ""Orçamento"")",
Forecast 6+6,05 | Forecast,"""R$"" #,0.00;[Red](""R$"" #,0.00);""R$"" 0.00",Receita líquida com cenário forçado; ignora slicer conflitante de cenário.,"CALCULATE([Receita Líquida], REMOVEFILTERS(dCenario), dCenario[Cenario] = ""Forecast 6+6"")",
Receita Líquida | Realizado,04 | Orçamento,"""R$"" #,0.00;[Red](""R$"" #,0.00);""R$"" 0.00",Receita Líquida | Realizado. Respeita o período selecionado e as convenções financeiras do Excel.,"CALCULATE([Receita Líquida], REMOVEFILTERS(dCenario), dCenario[Cenario] = ""Realizado"")",
Receita Líquida | Orçamento,04 | Orçamento,"""R$"" #,0.00;[Red](""R$"" #,0.00);""R$"" 0.00",Receita Líquida | Orçamento. Respeita o período selecionado e as convenções financeiras do Excel.,"CALCULATE([Receita Líquida], REMOVEFILTERS(dCenario), dCenario[Cenario] = ""Orçamento"")",
Receita Líquida | Forecast,05 | Forecast,"""R$"" #,0.00;[Red](""R$"" #,0.00);""R$"" 0.00",Receita Líquida | Forecast. Respeita o período selecionado e as convenções financeiras do Excel.,"CALCULATE([Receita Líquida], REMOVEFILTERS(dCenario), dCenario[Cenario] = ""Forecast 6+6"")",
EBITDA | Realizado,04 | Orçamento,"""R$"" #,0.00;[Red](""R$"" #,0.00);""R$"" 0.00",EBITDA | Realizado. Respeita o período selecionado e as convenções financeiras do Excel.,"CALCULATE([EBITDA], REMOVEFILTERS(dCenario), dCenario[Cenario] = ""Realizado"")",
EBITDA | Orçamento,04 | Orçamento,"""R$"" #,0.00;[Red](""R$"" #,0.00);""R$"" 0.00",EBITDA | Orçamento. Respeita o período selecionado e as convenções financeiras do Excel.,"CALCULATE([EBITDA], REMOVEFILTERS(dCenario), dCenario[Cenario] = ""Orçamento"")",
EBITDA | Forecast,05 | Forecast,"""R$"" #,0.00;[Red](""R$"" #,0.00);""R$"" 0.00",EBITDA | Forecast. Respeita o período selecionado e as convenções financeiras do Excel.,"CALCULATE([EBITDA], REMOVEFILTERS(dCenario), dCenario[Cenario] = ""Forecast 6+6"")",
Lucro Líquido | Realizado,04 | Orçamento,"""R$"" #,0.00;[Red](""R$"" #,0.00);""R$"" 0.00",Lucro Líquido | Realizado. Respeita o período selecionado e as convenções financeiras do Excel.,"CALCULATE([Lucro Líquido], REMOVEFILTERS(dCenario), dCenario[Cenario] = ""Realizado"")",
Lucro Líquido | Orçamento,04 | Orçamento,"""R$"" #,0.00;[Red](""R$"" #,0.00);""R$"" 0.00",Lucro Líquido | Orçamento. Respeita o período selecionado e as convenções financeiras do Excel.,"CALCULATE([Lucro Líquido], REMOVEFILTERS(dCenario), dCenario[Cenario] = ""Orçamento"")",
Lucro Líquido | Forecast,05 | Forecast,"""R$"" #,0.00;[Red](""R$"" #,0.00);""R$"" 0.00",Lucro Líquido | Forecast. Respeita o período selecionado e as convenções financeiras do Excel.,"CALCULATE([Lucro Líquido], REMOVEFILTERS(dCenario), dCenario[Cenario] = ""Forecast 6+6"")",
Fluxo de Caixa Livre | Realizado,04 | Orçamento,"""R$"" #,0.00;[Red](""R$"" #,0.00);""R$"" 0.00",Fluxo de Caixa Livre | Realizado. Respeita o período selecionado e as convenções financeiras do Excel.,"CALCULATE([Fluxo de Caixa Livre], REMOVEFILTERS(dCenario), dCenario[Cenario] = ""Realizado"")",
Fluxo de Caixa Livre | Orçamento,04 | Orçamento,"""R$"" #,0.00;[Red](""R$"" #,0.00);""R$"" 0.00",Fluxo de Caixa Livre | Orçamento. Respeita o período selecionado e as convenções financeiras do Excel.,"CALCULATE([Fluxo de Caixa Livre], REMOVEFILTERS(dCenario), dCenario[Cenario] = ""Orçamento"")",
Fluxo de Caixa Livre | Forecast,05 | Forecast,"""R$"" #,0.00;[Red](""R$"" #,0.00);""R$"" 0.00",Fluxo de Caixa Livre | Forecast. Respeita o período selecionado e as convenções financeiras do Excel.,"CALCULATE([Fluxo de Caixa Livre], REMOVEFILTERS(dCenario), dCenario[Cenario] = ""Forecast 6+6"")",
Caixa Final | Realizado,04 | Orçamento,"""R$"" #,0.00;[Red](""R$"" #,0.00);""R$"" 0.00",Caixa Final | Realizado. Respeita o período selecionado e as convenções financeiras do Excel.,"CALCULATE([Caixa Final], REMOVEFILTERS(dCenario), dCenario[Cenario] = ""Realizado"")",
Caixa Final | Orçamento,04 | Orçamento,"""R$"" #,0.00;[Red](""R$"" #,0.00);""R$"" 0.00",Caixa Final | Orçamento. Respeita o período selecionado e as convenções financeiras do Excel.,"CALCULATE([Caixa Final], REMOVEFILTERS(dCenario), dCenario[Cenario] = ""Orçamento"")",
Caixa Final | Forecast,05 | Forecast,"""R$"" #,0.00;[Red](""R$"" #,0.00);""R$"" 0.00",Caixa Final | Forecast. Respeita o período selecionado e as convenções financeiras do Excel.,"CALCULATE([Caixa Final], REMOVEFILTERS(dCenario), dCenario[Cenario] = ""Forecast 6+6"")",
NCG | Realizado,04 | Orçamento,"""R$"" #,0.00;[Red](""R$"" #,0.00);""R$"" 0.00",NCG | Realizado. Respeita o período selecionado e as convenções financeiras do Excel.,"CALCULATE([NCG], REMOVEFILTERS(dCenario), dCenario[Cenario] = ""Realizado"")",
NCG | Orçamento,04 | Orçamento,"""R$"" #,0.00;[Red](""R$"" #,0.00);""R$"" 0.00",NCG | Orçamento. Respeita o período selecionado e as convenções financeiras do Excel.,"CALCULATE([NCG], REMOVEFILTERS(dCenario), dCenario[Cenario] = ""Orçamento"")",
NCG | Forecast,05 | Forecast,"""R$"" #,0.00;[Red](""R$"" #,0.00);""R$"" 0.00",NCG | Forecast. Respeita o período selecionado e as convenções financeiras do Excel.,"CALCULATE([NCG], REMOVEFILTERS(dCenario), dCenario[Cenario] = ""Forecast 6+6"")",
Margem EBITDA | Realizado,04 | Orçamento,0.0%;[Red](0.0%);0.0%,Margem EBITDA | Realizado. Respeita o período selecionado e as convenções financeiras do Excel.,"CALCULATE([Margem EBITDA], REMOVEFILTERS(dCenario), dCenario[Cenario] = ""Realizado"")",
Margem EBITDA | Orçamento,04 | Orçamento,0.0%;[Red](0.0%);0.0%,Margem EBITDA | Orçamento. Respeita o período selecionado e as convenções financeiras do Excel.,"CALCULATE([Margem EBITDA], REMOVEFILTERS(dCenario), dCenario[Cenario] = ""Orçamento"")",
Margem EBITDA | Forecast,05 | Forecast,0.0%;[Red](0.0%);0.0%,Margem EBITDA | Forecast. Respeita o período selecionado e as convenções financeiras do Excel.,"CALCULATE([Margem EBITDA], REMOVEFILTERS(dCenario), dCenario[Cenario] = ""Forecast 6+6"")",
Desvio Real x Orçado R$,04 | Orçamento,"""R$"" #,0.00;[Red](""R$"" #,0.00);""R$"" 0.00",Desvio Real x Orçado R$. Respeita o período selecionado e as convenções financeiras do Excel.,"IF(NOT ISBLANK([Realizado]) && NOT ISBLANK([Orçamento]), [Realizado] - [Orçamento])",
Desvio Real x Orçado %,04 | Orçamento,0.0%;[Red](0.0%);0.0%,Desvio Real x Orçado %. Respeita o período selecionado e as convenções financeiras do Excel.,"DIVIDE([Desvio Real x Orçado R$], ABS([Orçamento]))",
Forecast x Orçamento,05 | Forecast,"""R$"" #,0.00;[Red](""R$"" #,0.00);""R$"" 0.00",Forecast x Orçamento. Respeita o período selecionado e as convenções financeiras do Excel.,"IF(NOT ISBLANK([Forecast 6+6]) && NOT ISBLANK([Orçamento]), [Forecast 6+6] - [Orçamento])",
Realizado x Forecast,05 | Forecast,"""R$"" #,0.00;[Red](""R$"" #,0.00);""R$"" 0.00",Realizado x Forecast. Respeita o período selecionado e as convenções financeiras do Excel.,"IF(NOT ISBLANK([Realizado]) && NOT ISBLANK([Forecast 6+6]), [Realizado] - [Forecast 6+6])",
Erro Forecast R$,05 | Forecast,"""R$"" #,0.00;[Red](""R$"" #,0.00);""R$"" 0.00",Erro Forecast R$. Respeita o período selecionado e as convenções financeiras do Excel.,[Realizado x Forecast],
Erro Forecast %,05 | Forecast,0.0%;[Red](0.0%);0.0%,Erro Forecast %. Respeita o período selecionado e as convenções financeiras do Excel.,"DIVIDE([Erro Forecast R$], ABS([Forecast 6+6]))",
Receita LY,01 | Receita,"""R$"" #,0.00;[Red](""R$"" #,0.00);""R$"" 0.00",Receita LY. Respeita o período selecionado e as convenções financeiras do Excel.,"IF(HASONEVALUE(dCalendario[Ano]), CALCULATE([Receita Líquida], DATEADD(dCalendario[Data], -1, YEAR)))",
Receita YoY R$,01 | Receita,"""R$"" #,0.00;[Red](""R$"" #,0.00);""R$"" 0.00",Receita YoY R$. Respeita o período selecionado e as convenções financeiras do Excel.,"IF(NOT ISBLANK([Receita LY]), [Receita Líquida] - [Receita LY])",
Receita YoY %,01 | Receita,0.0%;[Red](0.0%);0.0%,Receita YoY %. Respeita o período selecionado e as convenções financeiras do Excel.,"DIVIDE([Receita YoY R$], ABS([Receita LY]))",
Receita Mês Anterior,01 | Receita,"""R$"" #,0.00;[Red](""R$"" #,0.00);""R$"" 0.00",Receita Mês Anterior. Respeita o período selecionado e as convenções financeiras do Excel.,"CALCULATE([Receita Líquida], DATEADD(dCalendario[Data], -1, MONTH))",
Receita MoM R$,01 | Receita,"""R$"" #,0.00;[Red](""R$"" #,0.00);""R$"" 0.00",Receita MoM R$. Respeita o período selecionado e as convenções financeiras do Excel.,"IF(HASONEVALUE(dCalendario[AnoMes]) && NOT ISBLANK([Receita Mês Anterior]), [Receita Líquida] - [Receita Mês Anterior])",
Receita MoM %,01 | Receita,0.0%;[Red](0.0%);0.0%,Receita MoM %. Respeita o período selecionado e as convenções financeiras do Excel.,"DIVIDE([Receita MoM R$], ABS([Receita Mês Anterior]))",
EBITDA LY,03 | Resultado,"""R$"" #,0.00;[Red](""R$"" #,0.00);""R$"" 0.00",EBITDA LY. Respeita o período selecionado e as convenções financeiras do Excel.,"IF(HASONEVALUE(dCalendario[Ano]), CALCULATE([EBITDA], DATEADD(dCalendario[Data], -1, YEAR)))",
EBITDA YoY R$,03 | Resultado,"""R$"" #,0.00;[Red](""R$"" #,0.00);""R$"" 0.00",EBITDA YoY R$. Respeita o período selecionado e as convenções financeiras do Excel.,"IF(NOT ISBLANK([EBITDA LY]), [EBITDA] - [EBITDA LY])",
EBITDA YoY %,03 | Resultado,0.0%;[Red](0.0%);0.0%,EBITDA YoY %. Respeita o período selecionado e as convenções financeiras do Excel.,"DIVIDE([EBITDA YoY R$], ABS([EBITDA LY]))",
EBITDA Mês Anterior,03 | Resultado,"""R$"" #,0.00;[Red](""R$"" #,0.00);""R$"" 0.00",EBITDA Mês Anterior. Respeita o período selecionado e as convenções financeiras do Excel.,"CALCULATE([EBITDA], DATEADD(dCalendario[Data], -1, MONTH))",
EBITDA MoM R$,03 | Resultado,"""R$"" #,0.00;[Red](""R$"" #,0.00);""R$"" 0.00",EBITDA MoM R$. Respeita o período selecionado e as convenções financeiras do Excel.,"IF(HASONEVALUE(dCalendario[AnoMes]) && NOT ISBLANK([EBITDA Mês Anterior]), [EBITDA] - [EBITDA Mês Anterior])",
EBITDA MoM %,03 | Resultado,0.0%;[Red](0.0%);0.0%,EBITDA MoM %. Respeita o período selecionado e as convenções financeiras do Excel.,"DIVIDE([EBITDA MoM R$], ABS([EBITDA Mês Anterior]))",
Receita LY Referência,12 | Comparativos,"""R$"" #,0.00;[Red](""R$"" #,0.00);""R$"" 0.00","Para cenários futuros e forecast, ano anterior realizado; demais cenários comparam sua própria trilha.","VAR C = [Cenário Efetivo]
VAR Ref = IF(C IN {""Forecast 6+6"", ""Base 2026"", ""Otimista 2026"", ""Adverso 2026""}, ""Realizado"", C)
RETURN IF(HASONEVALUE(dCalendario[Ano]), CALCULATE([Receita Líquida], REMOVEFILTERS(dCenario), dCenario[Cenario] = Ref, DATEADD(dCalendario[Data], -1, YEAR)))",
Receita YoY Referência %,12 | Comparativos,0.0%;[Red](0.0%);0.0%,Receita YoY Referência %. Respeita o período selecionado e as convenções financeiras do Excel.,"VAR LY = [Receita LY Referência]
RETURN IF(NOT ISBLANK(LY), DIVIDE([Receita Líquida]-LY, ABS(LY)))",
Caixa Final LY,12 | Comparativos,"""R$"" #,0.00;[Red](""R$"" #,0.00);""R$"" 0.00",Caixa Final LY. Respeita o período selecionado e as convenções financeiras do Excel.,"IF(HASONEVALUE(dCalendario[Ano]), CALCULATE([Caixa Final], DATEADD(dCalendario[Data], -1, YEAR)))",
NCG LY,12 | Comparativos,"""R$"" #,0.00;[Red](""R$"" #,0.00);""R$"" 0.00",NCG LY. Respeita o período selecionado e as convenções financeiras do Excel.,"IF(HASONEVALUE(dCalendario[Ano]), CALCULATE([NCG], DATEADD(dCalendario[Data], -1, YEAR)))",
Margem EBITDA LY,12 | Comparativos,0.0%;[Red](0.0%);0.0%,Margem EBITDA LY. Respeita o período selecionado e as convenções financeiras do Excel.,"IF(HASONEVALUE(dCalendario[Ano]), CALCULATE([Margem EBITDA], DATEADD(dCalendario[Data], -1, YEAR)))",
Caixa YoY %,06 | Caixa,0.0%;[Red](0.0%);0.0%,Caixa YoY %. Respeita o período selecionado e as convenções financeiras do Excel.,"VAR LY = [Caixa Final LY]
RETURN IF(NOT ISBLANK(LY), DIVIDE([Caixa Final] - LY, ABS(LY)))",
Margem EBITDA YoY pp,02 | Margens,"0.00"" pp"";[Red](0.00"" pp"")",Margem EBITDA YoY pp. Respeita o período selecionado e as convenções financeiras do Excel.,"IF(NOT ISBLANK([Margem EBITDA LY]), ([Margem EBITDA] - [Margem EBITDA LY]) * 100)",
Base 2026,11 | Cenários,"""R$"" #,0.00;[Red](""R$"" #,0.00);""R$"" 0.00",Base 2026. Respeita o período selecionado e as convenções financeiras do Excel.,"CALCULATE([Receita Líquida], REMOVEFILTERS(dCenario), dCenario[Cenario] = ""Base 2026"", REMOVEFILTERS(dCalendario), dCalendario[Ano] = 2026)",
EBITDA | Base 2026,11 | Cenários,"""R$"" #,0.00;[Red](""R$"" #,0.00);""R$"" 0.00",EBITDA | Base 2026. Respeita o período selecionado e as convenções financeiras do Excel.,"CALCULATE([EBITDA], REMOVEFILTERS(dCenario), dCenario[Cenario] = ""Base 2026"", REMOVEFILTERS(dCalendario), dCalendario[Ano] = 2026)",
Margem EBITDA | Base 2026,11 | Cenários,0.0%;[Red](0.0%);0.0%,Margem EBITDA | Base 2026. Respeita o período selecionado e as convenções financeiras do Excel.,"CALCULATE([Margem EBITDA], REMOVEFILTERS(dCenario), dCenario[Cenario] = ""Base 2026"", REMOVEFILTERS(dCalendario), dCalendario[Ano] = 2026)",
Lucro Líquido | Base 2026,11 | Cenários,"""R$"" #,0.00;[Red](""R$"" #,0.00);""R$"" 0.00",Lucro Líquido | Base 2026. Respeita o período selecionado e as convenções financeiras do Excel.,"CALCULATE([Lucro Líquido], REMOVEFILTERS(dCenario), dCenario[Cenario] = ""Base 2026"", REMOVEFILTERS(dCalendario), dCalendario[Ano] = 2026)",
Caixa Final | Base 2026,11 | Cenários,"""R$"" #,0.00;[Red](""R$"" #,0.00);""R$"" 0.00",Caixa Final | Base 2026. Respeita o período selecionado e as convenções financeiras do Excel.,"CALCULATE([Caixa Final], REMOVEFILTERS(dCenario), dCenario[Cenario] = ""Base 2026"", REMOVEFILTERS(dCalendario), dCalendario[Ano] = 2026)",
Fluxo de Caixa Livre | Base 2026,11 | Cenários,"""R$"" #,0.00;[Red](""R$"" #,0.00);""R$"" 0.00",Fluxo de Caixa Livre | Base 2026. Respeita o período selecionado e as convenções financeiras do Excel.,"CALCULATE([Fluxo de Caixa Livre], REMOVEFILTERS(dCenario), dCenario[Cenario] = ""Base 2026"", REMOVEFILTERS(dCalendario), dCalendario[Ano] = 2026)",
NCG | Base 2026,11 | Cenários,"""R$"" #,0.00;[Red](""R$"" #,0.00);""R$"" 0.00",NCG | Base 2026. Respeita o período selecionado e as convenções financeiras do Excel.,"CALCULATE([NCG], REMOVEFILTERS(dCenario), dCenario[Cenario] = ""Base 2026"", REMOVEFILTERS(dCalendario), dCalendario[Ano] = 2026)",
Dívida Líquida | Base 2026,11 | Cenários,"""R$"" #,0.00;[Red](""R$"" #,0.00);""R$"" 0.00",Dívida Líquida | Base 2026. Respeita o período selecionado e as convenções financeiras do Excel.,"CALCULATE([Dívida Líquida], REMOVEFILTERS(dCenario), dCenario[Cenario] = ""Base 2026"", REMOVEFILTERS(dCalendario), dCalendario[Ano] = 2026)",
Otimista 2026,11 | Cenários,"""R$"" #,0.00;[Red](""R$"" #,0.00);""R$"" 0.00",Otimista 2026. Respeita o período selecionado e as convenções financeiras do Excel.,"CALCULATE([Receita Líquida], REMOVEFILTERS(dCenario), dCenario[Cenario] = ""Otimista 2026"", REMOVEFILTERS(dCalendario), dCalendario[Ano] = 2026)",
EBITDA | Otimista 2026,11 | Cenários,"""R$"" #,0.00;[Red](""R$"" #,0.00);""R$"" 0.00",EBITDA | Otimista 2026. Respeita o período selecionado e as convenções financeiras do Excel.,"CALCULATE([EBITDA], REMOVEFILTERS(dCenario), dCenario[Cenario] = ""Otimista 2026"", REMOVEFILTERS(dCalendario), dCalendario[Ano] = 2026)",
Margem EBITDA | Otimista 2026,11 | Cenários,0.0%;[Red](0.0%);0.0%,Margem EBITDA | Otimista 2026. Respeita o período selecionado e as convenções financeiras do Excel.,"CALCULATE([Margem EBITDA], REMOVEFILTERS(dCenario), dCenario[Cenario] = ""Otimista 2026"", REMOVEFILTERS(dCalendario), dCalendario[Ano] = 2026)",
Lucro Líquido | Otimista 2026,11 | Cenários,"""R$"" #,0.00;[Red](""R$"" #,0.00);""R$"" 0.00",Lucro Líquido | Otimista 2026. Respeita o período selecionado e as convenções financeiras do Excel.,"CALCULATE([Lucro Líquido], REMOVEFILTERS(dCenario), dCenario[Cenario] = ""Otimista 2026"", REMOVEFILTERS(dCalendario), dCalendario[Ano] = 2026)",
Caixa Final | Otimista 2026,11 | Cenários,"""R$"" #,0.00;[Red](""R$"" #,0.00);""R$"" 0.00",Caixa Final | Otimista 2026. Respeita o período selecionado e as convenções financeiras do Excel.,"CALCULATE([Caixa Final], REMOVEFILTERS(dCenario), dCenario[Cenario] = ""Otimista 2026"", REMOVEFILTERS(dCalendario), dCalendario[Ano] = 2026)",
Fluxo de Caixa Livre | Otimista 2026,11 | Cenários,"""R$"" #,0.00;[Red](""R$"" #,0.00);""R$"" 0.00",Fluxo de Caixa Livre | Otimista 2026. Respeita o período selecionado e as convenções financeiras do Excel.,"CALCULATE([Fluxo de Caixa Livre], REMOVEFILTERS(dCenario), dCenario[Cenario] = ""Otimista 2026"", REMOVEFILTERS(dCalendario), dCalendario[Ano] = 2026)",
NCG | Otimista 2026,11 | Cenários,"""R$"" #,0.00;[Red](""R$"" #,0.00);""R$"" 0.00",NCG | Otimista 2026. Respeita o período selecionado e as convenções financeiras do Excel.,"CALCULATE([NCG], REMOVEFILTERS(dCenario), dCenario[Cenario] = ""Otimista 2026"", REMOVEFILTERS(dCalendario), dCalendario[Ano] = 2026)",
Dívida Líquida | Otimista 2026,11 | Cenários,"""R$"" #,0.00;[Red](""R$"" #,0.00);""R$"" 0.00",Dívida Líquida | Otimista 2026. Respeita o período selecionado e as convenções financeiras do Excel.,"CALCULATE([Dívida Líquida], REMOVEFILTERS(dCenario), dCenario[Cenario] = ""Otimista 2026"", REMOVEFILTERS(dCalendario), dCalendario[Ano] = 2026)",
Adverso 2026,11 | Cenários,"""R$"" #,0.00;[Red](""R$"" #,0.00);""R$"" 0.00",Adverso 2026. Respeita o período selecionado e as convenções financeiras do Excel.,"CALCULATE([Receita Líquida], REMOVEFILTERS(dCenario), dCenario[Cenario] = ""Adverso 2026"", REMOVEFILTERS(dCalendario), dCalendario[Ano] = 2026)",
EBITDA | Adverso 2026,11 | Cenários,"""R$"" #,0.00;[Red](""R$"" #,0.00);""R$"" 0.00",EBITDA | Adverso 2026. Respeita o período selecionado e as convenções financeiras do Excel.,"CALCULATE([EBITDA], REMOVEFILTERS(dCenario), dCenario[Cenario] = ""Adverso 2026"", REMOVEFILTERS(dCalendario), dCalendario[Ano] = 2026)",
Margem EBITDA | Adverso 2026,11 | Cenários,0.0%;[Red](0.0%);0.0%,Margem EBITDA | Adverso 2026. Respeita o período selecionado e as convenções financeiras do Excel.,"CALCULATE([Margem EBITDA], REMOVEFILTERS(dCenario), dCenario[Cenario] = ""Adverso 2026"", REMOVEFILTERS(dCalendario), dCalendario[Ano] = 2026)",
Lucro Líquido | Adverso 2026,11 | Cenários,"""R$"" #,0.00;[Red](""R$"" #,0.00);""R$"" 0.00",Lucro Líquido | Adverso 2026. Respeita o período selecionado e as convenções financeiras do Excel.,"CALCULATE([Lucro Líquido], REMOVEFILTERS(dCenario), dCenario[Cenario] = ""Adverso 2026"", REMOVEFILTERS(dCalendario), dCalendario[Ano] = 2026)",
Caixa Final | Adverso 2026,11 | Cenários,"""R$"" #,0.00;[Red](""R$"" #,0.00);""R$"" 0.00",Caixa Final | Adverso 2026. Respeita o período selecionado e as convenções financeiras do Excel.,"CALCULATE([Caixa Final], REMOVEFILTERS(dCenario), dCenario[Cenario] = ""Adverso 2026"", REMOVEFILTERS(dCalendario), dCalendario[Ano] = 2026)",
Fluxo de Caixa Livre | Adverso 2026,11 | Cenários,"""R$"" #,0.00;[Red](""R$"" #,0.00);""R$"" 0.00",Fluxo de Caixa Livre | Adverso 2026. Respeita o período selecionado e as convenções financeiras do Excel.,"CALCULATE([Fluxo de Caixa Livre], REMOVEFILTERS(dCenario), dCenario[Cenario] = ""Adverso 2026"", REMOVEFILTERS(dCalendario), dCalendario[Ano] = 2026)",
NCG | Adverso 2026,11 | Cenários,"""R$"" #,0.00;[Red](""R$"" #,0.00);""R$"" 0.00",NCG | Adverso 2026. Respeita o período selecionado e as convenções financeiras do Excel.,"CALCULATE([NCG], REMOVEFILTERS(dCenario), dCenario[Cenario] = ""Adverso 2026"", REMOVEFILTERS(dCalendario), dCalendario[Ano] = 2026)",
Dívida Líquida | Adverso 2026,11 | Cenários,"""R$"" #,0.00;[Red](""R$"" #,0.00);""R$"" 0.00",Dívida Líquida | Adverso 2026. Respeita o período selecionado e as convenções financeiras do Excel.,"CALCULATE([Dívida Líquida], REMOVEFILTERS(dCenario), dCenario[Cenario] = ""Adverso 2026"", REMOVEFILTERS(dCalendario), dCalendario[Ano] = 2026)",
Receita Comercial,10 | Comercial,"""R$"" #,0.00;[Red](""R$"" #,0.00);""R$"" 0.00",Receita Comercial. Respeita o período selecionado e as convenções financeiras do Excel.,SUM(fVendas[ReceitaBruta]),
Quantidade,10 | Comercial,"#,0",Quantidade. Respeita o período selecionado e as convenções financeiras do Excel.,SUM(fVendas[Quantidade]),
CMV Comercial,10 | Comercial,"""R$"" #,0.00;[Red](""R$"" #,0.00);""R$"" 0.00",CMV Comercial. Respeita o período selecionado e as convenções financeiras do Excel.,SUM(fVendas[CMV]),
Preço Médio,10 | Comercial,"""R$"" #,0.00;[Red](""R$"" #,0.00);""R$"" 0.00",Preço Médio. Respeita o período selecionado e as convenções financeiras do Excel.,"DIVIDE([Receita Comercial], [Quantidade])",
Lucro Bruto Comercial,10 | Comercial,"""R$"" #,0.00;[Red](""R$"" #,0.00);""R$"" 0.00",Margem comercial antes das deduções de receita; não é o lucro bruto financeiro.,[Receita Comercial] - [CMV Comercial],
Margem Bruta Comercial,10 | Comercial,0.0%;[Red](0.0%);0.0%,Margem Bruta Comercial. Respeita o período selecionado e as convenções financeiras do Excel.,"DIVIDE([Lucro Bruto Comercial], [Receita Comercial])",
Receita Comercial LY,10 | Comercial,"""R$"" #,0.00;[Red](""R$"" #,0.00);""R$"" 0.00",Receita Comercial LY. Respeita o período selecionado e as convenções financeiras do Excel.,"IF(HASONEVALUE(dCalendario[Ano]), CALCULATE([Receita Comercial], DATEADD(dCalendario[Data], -1, YEAR)))",
Receita Comercial YoY %,10 | Comercial,0.0%;[Red](0.0%);0.0%,Receita Comercial YoY %. Respeita o período selecionado e as convenções financeiras do Excel.,"VAR LY = [Receita Comercial LY]
RETURN IF(NOT ISBLANK(LY), DIVIDE([Receita Comercial]-LY, ABS(LY)))",
Receita Ponte 2024,10 | Comercial,"""R$"" #,0.00;[Red](""R$"" #,0.00);""R$"" 0.00",Receita Ponte 2024. Respeita o período selecionado e as convenções financeiras do Excel.,SUM(fPontePrecoVolume[Receita2024]),
Receita Ponte 2025,10 | Comercial,"""R$"" #,0.00;[Red](""R$"" #,0.00);""R$"" 0.00",Receita Ponte 2025. Respeita o período selecionado e as convenções financeiras do Excel.,SUM(fPontePrecoVolume[Receita2025]),
Efeito Volume,10 | Comercial,"""R$"" #,0.00;[Red](""R$"" #,0.00);""R$"" 0.00",Efeito Volume. Respeita o período selecionado e as convenções financeiras do Excel.,SUM(fPontePrecoVolume[EfeitoVolume]),
Efeito Preço,10 | Comercial,"""R$"" #,0.00;[Red](""R$"" #,0.00);""R$"" 0.00",Efeito Preço. Respeita o período selecionado e as convenções financeiras do Excel.,SUM(fPontePrecoVolume[EfeitoPreco]),
Ponte Preço Volume,10 | Comercial,"""R$"" #,0.00;[Red](""R$"" #,0.00);""R$"" 0.00",Ponte Preço Volume. Respeita o período selecionado e as convenções financeiras do Excel.,"SWITCH(SELECTEDVALUE(aPontePV[Etapa]), ""Receita 2024"", [Receita Ponte 2024], ""Efeito Volume"", [Efeito Volume], ""Efeito Preço"", [Efeito Preço])",
DRE Valor,03 | Resultado,"""R$"" #,0.00;[Red](""R$"" #,0.00);""R$"" 0.00",DRE Valor. Respeita o período selecionado e as convenções financeiras do Excel.,"SWITCH(SELECTEDVALUE(aDRE[Campo]),
    ""ReceitaBruta"", [Receita Bruta],
    ""Deducoes"", [Deduções],
    ""ReceitaLiquida"", [Receita Líquida],
    ""CMV"", [CMV],
    ""LucroBruto"", [Lucro Bruto],
    ""Pessoal"", [Pessoal],
    ""Comercial"", [Comercial],
    ""Administrativo"", [Administrativo],
    ""Tecnologia"", [Tecnologia],
    ""Logistica"", [Logística],
    ""Opex"", [Opex],
    ""EBITDA"", [EBITDA],
    ""Depreciacao"", [Depreciação],
    ""EBIT"", [EBIT],
    ""Juros"", [Juros],
    ""LAIR"", [LAIR],
    ""IRSimulado"", [IR Simulado],
    ""LucroLiquido"", [Lucro Líquido],
    ""FC_Livre"", [Fluxo de Caixa Livre]
)",
DRE Realizado,04 | Orçamento,"""R$"" #,0.00;[Red](""R$"" #,0.00);""R$"" 0.00",DRE Realizado. Respeita o período selecionado e as convenções financeiras do Excel.,"CALCULATE([DRE Valor], REMOVEFILTERS(dCenario), dCenario[Cenario] = ""Realizado"")",
DRE Orçamento,04 | Orçamento,"""R$"" #,0.00;[Red](""R$"" #,0.00);""R$"" 0.00",DRE Orçamento. Respeita o período selecionado e as convenções financeiras do Excel.,"CALCULATE([DRE Valor], REMOVEFILTERS(dCenario), dCenario[Cenario] = ""Orçamento"")",
DRE Forecast,05 | Forecast,"""R$"" #,0.00;[Red](""R$"" #,0.00);""R$"" 0.00",DRE Forecast. Respeita o período selecionado e as convenções financeiras do Excel.,"CALCULATE([DRE Valor], REMOVEFILTERS(dCenario), dCenario[Cenario] = ""Forecast 6+6"")",
DRE Desvio R$,04 | Orçamento,"""R$"" #,0.00;[Red](""R$"" #,0.00);""R$"" 0.00",DRE Desvio R$. Respeita o período selecionado e as convenções financeiras do Excel.,"IF(NOT ISBLANK([DRE Realizado]) && NOT ISBLANK([DRE Orçamento]), [DRE Realizado] - [DRE Orçamento])",
DRE Desvio %,04 | Orçamento,0.0%;[Red](0.0%);0.0%,DRE Desvio %. Respeita o período selecionado e as convenções financeiras do Excel.,"DIVIDE([DRE Desvio R$], ABS([DRE Orçamento]))",
Favorabilidade,04 | Orçamento,"#,0","Custos menores são favoráveis; receita, resultado e FCL maiores são favoráveis.","VAR D = [DRE Desvio R$]
VAR S = SELECTEDVALUE(aDRE[Favoravel])
RETURN IF(NOT ISBLANK(D) && NOT ISBLANK(S), SIGN(D * S))",
Cor Favorabilidade,04 | Orçamento,,Cor Favorabilidade. Respeita o período selecionado e as convenções financeiras do Excel.,"SWITCH([Favorabilidade], 1, ""#1A9A6C"", -1, ""#D95C5C"", ""#718096"")",
Cor Linha DRE,03 | Resultado,,Cor Linha DRE. Respeita o período selecionado e as convenções financeiras do Excel.,"IF(SELECTEDVALUE(aDRE[Subtotal],0)=1, ""#E7EFF5"", ""#FFFFFF"")",
DRE Erro Forecast R$,05 | Forecast,"""R$"" #,0.00;[Red](""R$"" #,0.00);""R$"" 0.00",DRE Erro Forecast R$. Respeita o período selecionado e as convenções financeiras do Excel.,"IF(NOT ISBLANK([DRE Forecast]), [DRE Realizado] - [DRE Forecast])",
DRE Erro Forecast %,05 | Forecast,0.0%;[Red](0.0%);0.0%,DRE Erro Forecast %. Respeita o período selecionado e as convenções financeiras do Excel.,"DIVIDE([DRE Erro Forecast R$], ABS([DRE Forecast]))",
Erro Forecast H2 R$,05 | Forecast,"""R$"" #,0.00;[Red](""R$"" #,0.00);""R$"" 0.00",Erro Realizado menos Forecast somente nos meses prospectivos julho–dezembro.,"CALCULATE([DRE Erro Forecast R$], KEEPFILTERS(dCalendario[MesNumero] >= 7))",
BP Valor,08 | Balanço,"""R$"" #,0.00;[Red](""R$"" #,0.00);""R$"" 0.00",BP Valor. Respeita o período selecionado e as convenções financeiras do Excel.,"SWITCH(SELECTEDVALUE(aBP[Campo]),
    ""CaixaFinal"", [Caixa Final],
    ""Clientes"", [Clientes],
    ""Estoque"", [Estoque],
    ""AtivoCirculante"", [Ativo Circulante],
    ""ImobilizadoBruto"", [Imobilizado Bruto],
    ""DepAcumulada"", [Depreciação Acumulada],
    ""AtivoNaoCirculante"", [Ativo Não Circulante],
    ""Ativo"", [Ativo],
    ""Fornecedores"", [Fornecedores],
    ""SalariosPagar"", [Salários a Pagar],
    ""TributosVendaPagar"", [Tributos sobre Venda a Pagar],
    ""IRPagar"", [IR a Pagar],
    ""DividaCP"", [Dívida CP],
    ""PassivoCirculante"", [Passivo Circulante],
    ""DividaLP"", [Dívida LP],
    ""PassivoNaoCirculante"", [Passivo Não Circulante],
    ""Passivo"", [Passivo],
    ""Capital"", [Capital],
    ""LucrosAcumulados"", [Lucros Acumulados],
    ""PL"", [Patrimônio Líquido]
)",
Ponte Variância EBITDA,04 | Orçamento,"""R$"" #,0.00;[Red](""R$"" #,0.00);""R$"" 0.00",Ponte Variância EBITDA. Respeita o período selecionado e as convenções financeiras do Excel.,"VAR E = SELECTEDVALUE(aVariancia[Etapa])
VAR CMVO = CALCULATE([CMV], REMOVEFILTERS(dCenario), dCenario[Cenario]=""Orçamento"")
VAR CMVR = CALCULATE([CMV], REMOVEFILTERS(dCenario), dCenario[Cenario]=""Realizado"")
VAR OO = CALCULATE([Opex], REMOVEFILTERS(dCenario), dCenario[Cenario]=""Orçamento"")
VAR ORR = CALCULATE([Opex], REMOVEFILTERS(dCenario), dCenario[Cenario]=""Realizado"")
RETURN IF(NOT ISBLANK([Orçamento]) && NOT ISBLANK([Realizado]), SWITCH(E, ""EBITDA Orçado"", [EBITDA | Orçamento], ""Receita Líquida"", [Desvio Real x Orçado R$], ""CMV"", CMVO-CMVR, ""Opex"", OO-ORR))",
Ponte Caixa,06 | Caixa,"""R$"" #,0.00;[Red](""R$"" #,0.00);""R$"" 0.00",Ponte Caixa. Respeita o período selecionado e as convenções financeiras do Excel.,"VAR C = [Cenário Efetivo]
VAR Linhas = CALCULATETABLE(fFinanceiro, KEEPFILTERS(dCenario[Cenario] = C))
VAR ClientesFluxo = SUMX(Linhas, fFinanceiro[Recebimentos] - fFinanceiro[ReceitaBruta])
VAR EstoqueFluxo = SUMX(Linhas, fFinanceiro[CMV] - fFinanceiro[Compras])
VAR FornecedorFluxo = SUMX(Linhas, fFinanceiro[Compras] - fFinanceiro[PagFornecedores])
VAR Outros = [FCO] - [Lucro Líquido] - [Depreciação] - ClientesFluxo - EstoqueFluxo - FornecedorFluxo
RETURN IF([Seleção de Cenário Válida]=1, SWITCH(SELECTEDVALUE(aPonteCaixa[Etapa]),
    ""Lucro Líquido"", [Lucro Líquido], ""Depreciação"", [Depreciação],
    ""Clientes"", ClientesFluxo, ""Estoque"", EstoqueFluxo, ""Fornecedores"", FornecedorFluxo,
    ""Outros Passivos Operacionais"", Outros, ""Capex"", -[Capex], ""Financiamento"", [FCF]))",
Quantidade Planejada,11 | Cenários,"#,0",Quantidade Planejada. Respeita o período selecionado e as convenções financeiras do Excel.,"VAR C = [Cenário Efetivo]
RETURN CALCULATE(SUM(fPremissas[Quantidade]), KEEPFILTERS(dCenario[Cenario]=C))",
Ticket Médio Planejado,11 | Cenários,"""R$"" #,0.00;[Red](""R$"" #,0.00);""R$"" 0.00",Ticket Médio Planejado. Respeita o período selecionado e as convenções financeiras do Excel.,"VAR C = [Cenário Efetivo]
RETURN CALCULATE(DIVIDE(SUMX(fPremissas,fPremissas[Quantidade]*fPremissas[TicketMedio]),SUM(fPremissas[Quantidade])), KEEPFILTERS(dCenario[Cenario]=C))",
CMV % Premissa,11 | Cenários,0.0%;[Red](0.0%);0.0%,CMV % Premissa. Respeita o período selecionado e as convenções financeiras do Excel.,"VAR C = [Cenário Efetivo]
VAR M = [Último Mês]
RETURN CALCULATE(MAX(fPremissas[CMVPercentual]), KEEPFILTERS(dCenario[Cenario]=C), KEEPFILTERS(dCalendario[Data]=M))",
DSO Premissa,11 | Cenários,"0"" dias""",DSO Premissa. Respeita o período selecionado e as convenções financeiras do Excel.,"VAR C = [Cenário Efetivo]
VAR M = [Último Mês]
RETURN CALCULATE(MAX(fPremissas[DSO]), KEEPFILTERS(dCenario[Cenario]=C), KEEPFILTERS(dCalendario[Data]=M))",
DIO Premissa,11 | Cenários,"0"" dias""",DIO Premissa. Respeita o período selecionado e as convenções financeiras do Excel.,"VAR C = [Cenário Efetivo]
VAR M = [Último Mês]
RETURN CALCULATE(MAX(fPremissas[DIO]), KEEPFILTERS(dCenario[Cenario]=C), KEEPFILTERS(dCalendario[Data]=M))",
DPO Premissa,11 | Cenários,"0"" dias""",DPO Premissa. Respeita o período selecionado e as convenções financeiras do Excel.,"VAR C = [Cenário Efetivo]
VAR M = [Último Mês]
RETURN CALCULATE(MAX(fPremissas[DPO]), KEEPFILTERS(dCenario[Cenario]=C), KEEPFILTERS(dCalendario[Data]=M))",
Check BP Máximo,13 | QA,"""R$"" #,0.00;[Red](""R$"" #,0.00);""R$"" 0.00",Check BP Máximo. Respeita o período selecionado e as convenções financeiras do Excel.,"VAR C = [Cenário Efetivo]
RETURN CALCULATE(MAXX(fChecks, ABS(fChecks[CheckBP])), KEEPFILTERS(dCenario[Cenario]=C))",
Check DFC Máximo,13 | QA,"""R$"" #,0.00;[Red](""R$"" #,0.00);""R$"" 0.00",Check DFC Máximo. Respeita o período selecionado e as convenções financeiras do Excel.,"VAR C = [Cenário Efetivo]
RETURN CALCULATE(MAXX(fChecks, ABS(fChecks[CheckDFC])), KEEPFILTERS(dCenario[Cenario]=C))",
Check Diário Máximo,13 | QA,"""R$"" #,0.00;[Red](""R$"" #,0.00);""R$"" 0.00",Check Diário Máximo. Respeita o período selecionado e as convenções financeiras do Excel.,"CALCULATE(MAXX(fConciliacao, ABS(fConciliacao[Diferenca])), REMOVEFILTERS(dCenario), dCenario[Cenario]=""Realizado"")",
Check Ponte Máximo,13 | QA,"""R$"" #,0.00;[Red](""R$"" #,0.00);""R$"" 0.00",Check Ponte Máximo. Respeita o período selecionado e as convenções financeiras do Excel.,"MAXX(fPontePrecoVolume, ABS(fPontePrecoVolume[Check]))",
Tolerância QA,13 | QA,"""R$"" #,0.00;[Red](""R$"" #,0.00);""R$"" 0.00",Tolerância QA. Respeita o período selecionado e as convenções financeiras do Excel.,MAX(aConfig[Tolerancia]),
Débitos Diário,13 | QA,"""R$"" #,0.00;[Red](""R$"" #,0.00);""R$"" 0.00",Débitos Diário. Respeita o período selecionado e as convenções financeiras do Excel.,SUM(fDiario[Debito]),
Créditos Diário,13 | QA,"""R$"" #,0.00;[Red](""R$"" #,0.00);""R$"" 0.00",Créditos Diário. Respeita o período selecionado e as convenções financeiras do Excel.,SUM(fDiario[Credito]),
Check Partidas por Lançamento,13 | QA,"""R$"" #,0.00;[Red](""R$"" #,0.00);""R$"" 0.00",Check Partidas por Lançamento. Respeita o período selecionado e as convenções financeiras do Excel.,"VAR L = SUMMARIZE(fDiario, fDiario[Lancamento])
RETURN MAXX(L, ABS(CALCULATE(SUM(fDiario[Debito])-SUM(fDiario[Credito]))))",
Inconsistências,13 | QA,"#,0","Conta meses BP/DFC, contas patrimoniais, segmentos de ponte e lançamentos fora da tolerância; unidades podem representar a mesma causa.","VAR T = [Tolerância QA]
VAR C = [Cenário Efetivo]
VAR A = CALCULATE(COUNTROWS(FILTER(fChecks, ABS(fChecks[CheckBP]) >= T || ABS(fChecks[CheckDFC]) >= T)), KEEPFILTERS(dCenario[Cenario]=C))
VAR B = CALCULATE(COUNTROWS(FILTER(fConciliacao, ABS(fConciliacao[Diferenca]) >= T)), REMOVEFILTERS(dCenario), dCenario[Cenario]=""Realizado"")
VAR P = COUNTROWS(FILTER(fPontePrecoVolume, ABS(fPontePrecoVolume[Check]) >= T))
VAR L = SUMMARIZE(fDiario, fDiario[Lancamento])
VAR J = COUNTROWS(FILTER(L, ABS(CALCULATE(SUM(fDiario[Debito])-SUM(fDiario[Credito]))) >= T))
RETURN COALESCE(A,0)+COALESCE(B,0)+COALESCE(P,0)+COALESCE(J,0)",
Status do Modelo,13 | QA,,Status do Modelo. Respeita o período selecionado e as convenções financeiras do Excel.,"IF(ISBLANK([Último Mês]), ""SEM DADOS"", IF([Inconsistências]=0, ""MODELO CONCILIADO"", ""REVISAR MODELO""))",
Cor QA,13 | QA,,Cor QA. Respeita o período selecionado e as convenções financeiras do Excel.,"IF([Inconsistências]=0, ""#1A9A6C"", ""#D95C5C"")",
Caixa Mínimo,06 | Caixa,"""R$"" #,0.00;[Red](""R$"" #,0.00);""R$"" 0.00",Caixa Mínimo. Respeita o período selecionado e as convenções financeiras do Excel.,"VAR C = [Cenário Efetivo]
RETURN CALCULATE(MIN(fFinanceiro[CaixaFinal]), KEEPFILTERS(dCenario[Cenario]=C))",
Meses de Caixa Negativo,06 | Caixa,"#,0",Meses de Caixa Negativo. Respeita o período selecionado e as convenções financeiras do Excel.,"VAR C = [Cenário Efetivo]
RETURN CALCULATE(COUNTROWS(FILTER(fFinanceiro,fFinanceiro[CaixaFinal]<0)), KEEPFILTERS(dCenario[Cenario]=C))",
Alerta de Financiamento,11 | Cenários,,Alerta de Financiamento. Respeita o período selecionado e as convenções financeiras do Excel.,"VAR N = [Meses de Caixa Negativo]
VAR F = [Captação]
VAR C = [Cenário Efetivo]
VAR M = [Caixa Mínimo]
VAR DataMin = MINX(FILTER(CALCULATETABLE(fFinanceiro, KEEPFILTERS(dCenario[Cenario]=C)), fFinanceiro[CaixaFinal]=M),fFinanceiro[Data])
RETURN SWITCH(TRUE(), ISBLANK(M), ""Sem dados para esta seleção."", N>0, C & "": caixa negativo; mínimo de "" & FORMAT(M,""R$ #,0"",""pt-BR"") & "" em "" & FORMAT(DataMin,""mmm/yyyy"",""pt-BR"") & ""."", F>0, C & "": caixa positivo com captação prevista de "" & FORMAT(F,""R$ #,0"",""pt-BR"") & ""; mínimo de "" & FORMAT(M,""R$ #,0"",""pt-BR"") & "" em "" & FORMAT(DataMin,""mmm/yyyy"",""pt-BR"") & ""."", ""Caixa positivo sem novas captações; mínimo de "" & FORMAT(M,""R$ #,0"",""pt-BR"") & ""."")",
Contexto da Seleção,12 | Comparativos,,Contexto da Seleção. Respeita o período selecionado e as convenções financeiras do Excel.,"VAR N = [Meses Disponíveis]
RETURN SWITCH(TRUE(), [Seleção de Cenário Válida]=0, ""Selecione um cenário; use a página Cenários para comparação simultânea."", ISBLANK(N) || N=0, ""Combinação de ano e cenário indisponível."", [Cenário Efetivo] & "" | "" & FORMAT(MIN(dCalendario[Ano]),""0"") & IF(MIN(dCalendario[Ano])<>MAX(dCalendario[Ano]), ""–"" & FORMAT(MAX(dCalendario[Ano]),""0""), """") & "" | "" & FORMAT(N,""0"") & "" meses disponíveis"")",
Insight Crescimento,12 | Comparativos,,Insight Crescimento. Respeita o período selecionado e as convenções financeiras do Excel.,"VAR Y = [Receita YoY Referência %]
VAR M = [Margem EBITDA]
RETURN IF(ISBLANK([Receita Líquida]), [Contexto da Seleção], IF(ISBLANK(Y), ""Receita líquida de "" & FORMAT([Receita Líquida],""R$ #,0"",""pt-BR"") & ""; margem EBITDA de "" & FORMAT(M,""0.0%"",""pt-BR"") & ""."", ""Receita "" & IF(Y>=0,""cresce "",""recua "") & FORMAT(ABS(Y),""0.0%"",""pt-BR"") & "" versus ano anterior de referência; margem EBITDA de "" & FORMAT(M,""0.0%"",""pt-BR"") & "".""))",
Insight Giro,12 | Comparativos,,Insight Giro. Respeita o período selecionado e as convenções financeiras do Excel.,"VAR A = [NCG LY]
VAR D = [NCG]-A
RETURN IF(ISBLANK([NCG]), ""Sem posição financeira disponível."", ""NCG final de "" & FORMAT([NCG],""R$ #,0"",""pt-BR"") & IF(NOT ISBLANK(A), IF(D>=0,""; aumento de "",""; redução de "") & FORMAT(ABS(D),""R$ #,0"",""pt-BR""),"""") & ""; ciclo de caixa de "" & FORMAT([Ciclo de Caixa],""0"",""pt-BR"") & "" dias."")",
Insight Caixa,12 | Comparativos,,Insight Caixa. Respeita o período selecionado e as convenções financeiras do Excel.,"IF(ISBLANK([Fluxo de Caixa Livre]), ""Sem dados de caixa disponíveis."", ""FCL "" & IF([Fluxo de Caixa Livre]<0,""negativo"",""positivo"") & "" de "" & FORMAT([Fluxo de Caixa Livre],""R$ #,0"",""pt-BR"") & ""; caixa final de "" & FORMAT([Caixa Final],""R$ #,0"",""pt-BR"") & ""."")",
KPI Receita Contexto,12 | Comparativos,,KPI Receita Contexto. Respeita o período selecionado e as convenções financeiras do Excel.,"IF(NOT ISBLANK([Receita YoY Referência %]), FORMAT([Receita YoY Referência %],""+0.0%;-0.0%;0.0%"",""pt-BR"") & "" vs ano anterior"", ""Sem base anual comparável"")",
KPI EBITDA Contexto,12 | Comparativos,,KPI EBITDA Contexto. Respeita o período selecionado e as convenções financeiras do Excel.,"IF(NOT ISBLANK([EBITDA | Orçamento]), FORMAT(DIVIDE([EBITDA]-[EBITDA | Orçamento],ABS([EBITDA | Orçamento])),""+0.0%;-0.0%;0.0%"",""pt-BR"") & "" vs orçamento"", ""Resultado operacional"")",
KPI Margem Contexto,12 | Comparativos,,KPI Margem Contexto. Respeita o período selecionado e as convenções financeiras do Excel.,"IF(NOT ISBLANK([Margem EBITDA YoY pp]), FORMAT([Margem EBITDA YoY pp],""+0.00;-0.00;0.00"",""pt-BR"") & "" pp vs ano anterior"", ""EBITDA / receita líquida"")",
KPI Caixa Contexto,12 | Comparativos,,KPI Caixa Contexto. Respeita o período selecionado e as convenções financeiras do Excel.,"IF(NOT ISBLANK([Caixa YoY %]), FORMAT([Caixa YoY %],""+0.0%;-0.0%;0.0%"",""pt-BR"") & "" vs ano anterior"", ""Posição do último mês"")",
KPI FCL Contexto,12 | Comparativos,,KPI FCL Contexto. Respeita o período selecionado e as convenções financeiras do Excel.,"IF(ISBLANK([Fluxo de Caixa Livre]), ""Sem dados"", IF([Fluxo de Caixa Livre]<0,""Consumo de caixa após capex"",""Geração de caixa após capex""))",
KPI NCG Contexto,12 | Comparativos,,KPI NCG Contexto. Respeita o período selecionado e as convenções financeiras do Excel.,"""Posição final • "" & FORMAT([Ciclo de Caixa],""0"",""pt-BR"") & "" dias de ciclo""",
KPI Receita,12 | Comparativos,"""R$"" #,0.00;[Red](""R$"" #,0.00);""R$"" 0.00",KPI Receita. Respeita o período selecionado e as convenções financeiras do Excel.,[Receita Líquida],"VAR V = ABS([Receita Líquida])
RETURN SWITCH(TRUE(), V >= 1000000, """"""R$"""" 0.00,,"""" mi"""";-""""R$"""" 0.00,,"""" mi"""""", V >= 1000, """"""R$"""" 0.0,"""" mil"""";-""""R$"""" 0.0,"""" mil"""""", """"""R$"""" 0.00;-""""R$"""" 0.00"")"
KPI EBITDA,12 | Comparativos,"""R$"" #,0.00;[Red](""R$"" #,0.00);""R$"" 0.00",KPI EBITDA. Respeita o período selecionado e as convenções financeiras do Excel.,[EBITDA],"VAR V = ABS([EBITDA])
RETURN SWITCH(TRUE(), V >= 1000000, """"""R$"""" 0.00,,"""" mi"""";-""""R$"""" 0.00,,"""" mi"""""", V >= 1000, """"""R$"""" 0.0,"""" mil"""";-""""R$"""" 0.0,"""" mil"""""", """"""R$"""" 0.00;-""""R$"""" 0.00"")"
KPI Caixa,12 | Comparativos,"""R$"" #,0.00;[Red](""R$"" #,0.00);""R$"" 0.00",KPI Caixa. Respeita o período selecionado e as convenções financeiras do Excel.,[Caixa Final],"VAR V = ABS([Caixa Final])
RETURN SWITCH(TRUE(), V >= 1000000, """"""R$"""" 0.00,,"""" mi"""";-""""R$"""" 0.00,,"""" mi"""""", V >= 1000, """"""R$"""" 0.0,"""" mil"""";-""""R$"""" 0.0,"""" mil"""""", """"""R$"""" 0.00;-""""R$"""" 0.00"")"
KPI FCL,12 | Comparativos,"""R$"" #,0.00;[Red](""R$"" #,0.00);""R$"" 0.00",KPI FCL. Respeita o período selecionado e as convenções financeiras do Excel.,[Fluxo de Caixa Livre],"VAR V = ABS([Fluxo de Caixa Livre])
RETURN SWITCH(TRUE(), V >= 1000000, """"""R$"""" 0.00,,"""" mi"""";-""""R$"""" 0.00,,"""" mi"""""", V >= 1000, """"""R$"""" 0.0,"""" mil"""";-""""R$"""" 0.0,"""" mil"""""", """"""R$"""" 0.00;-""""R$"""" 0.00"")"
KPI NCG,12 | Comparativos,"""R$"" #,0.00;[Red](""R$"" #,0.00);""R$"" 0.00",KPI NCG. Respeita o período selecionado e as convenções financeiras do Excel.,[NCG],"VAR V = ABS([NCG])
RETURN SWITCH(TRUE(), V >= 1000000, """"""R$"""" 0.00,,"""" mi"""";-""""R$"""" 0.00,,"""" mi"""""", V >= 1000, """"""R$"""" 0.0,"""" mil"""";-""""R$"""" 0.0,"""" mil"""""", """"""R$"""" 0.00;-""""R$"""" 0.00"")"
KPI Lucro,12 | Comparativos,"""R$"" #,0.00;[Red](""R$"" #,0.00);""R$"" 0.00",KPI Lucro. Respeita o período selecionado e as convenções financeiras do Excel.,[Lucro Líquido],"VAR V = ABS([Lucro Líquido])
RETURN SWITCH(TRUE(), V >= 1000000, """"""R$"""" 0.00,,"""" mi"""";-""""R$"""" 0.00,,"""" mi"""""", V >= 1000, """"""R$"""" 0.0,"""" mil"""";-""""R$"""" 0.0,"""" mil"""""", """"""R$"""" 0.00;-""""R$"""" 0.00"")"
KPI Dívida,12 | Comparativos,"""R$"" #,0.00;[Red](""R$"" #,0.00);""R$"" 0.00",KPI Dívida. Respeita o período selecionado e as convenções financeiras do Excel.,[Dívida],"VAR V = ABS([Dívida])
RETURN SWITCH(TRUE(), V >= 1000000, """"""R$"""" 0.00,,"""" mi"""";-""""R$"""" 0.00,,"""" mi"""""", V >= 1000, """"""R$"""" 0.0,"""" mil"""";-""""R$"""" 0.0,"""" mil"""""", """"""R$"""" 0.00;-""""R$"""" 0.00"")"
KPI Dívida Líquida,12 | Comparativos,"""R$"" #,0.00;[Red](""R$"" #,0.00);""R$"" 0.00",KPI Dívida Líquida. Respeita o período selecionado e as convenções financeiras do Excel.,[Dívida Líquida],"VAR V = ABS([Dívida Líquida])
RETURN SWITCH(TRUE(), V >= 1000000, """"""R$"""" 0.00,,"""" mi"""";-""""R$"""" 0.00,,"""" mi"""""", V >= 1000, """"""R$"""" 0.0,"""" mil"""";-""""R$"""" 0.0,"""" mil"""""", """"""R$"""" 0.00;-""""R$"""" 0.00"")"
Contexto Cenários 2026,11 | Cenários,,Medida de apresentação com contexto explícito.,"""2026 • comparação simultânea | Adverso: captação de "" & FORMAT([Captação Adverso 2026],""R$ #,0"",""pt-BR"") & ""; caixa mínimo de "" & FORMAT(CALCULATE([Caixa Mínimo],REMOVEFILTERS(dCenario),dCenario[Cenario]=""Adverso 2026"",REMOVEFILTERS(dCalendario),dCalendario[Ano]=2026),""R$ #,0"",""pt-BR"")",
Cor FCL,06 | Caixa,,Medida de apresentação com contexto explícito.,"IF(ISBLANK([Fluxo de Caixa Livre]), ""#718096"", IF([Fluxo de Caixa Livre]<0, ""#D95C5C"", ""#1A9A6C""))",
Cor Dívida Líquida,09 | Dívida,,Medida de apresentação com contexto explícito.,"IF([Dívida Líquida]<0, ""#12AFA3"", ""#16344B"")",
Captação Adverso 2026,11 | Cenários,"""R$"" #,0;[Red](""R$"" #,0)",Medida de apresentação com contexto explícito.,"CALCULATE([Captação], REMOVEFILTERS(dCenario), dCenario[Cenario]=""Adverso 2026"", REMOVEFILTERS(dCalendario), dCalendario[Ano]=2026)",
Título Receita,12 | Comparativos,,Medida de apresentação com contexto explícito.,"""Receita entregue vs plano | "" & [Contexto da Seleção]",
Título Caixa,12 | Comparativos,,Medida de apresentação com contexto explícito.,"""Caixa vs NCG | "" & [Contexto da Seleção]",
KPI | Receita Comercial,12 | Comparativos,"""R$"" #,0.00",Medida de apresentação com contexto explícito.,[Receita Comercial],"VAR V = ABS([KPI | Receita Comercial])
RETURN SWITCH(TRUE(), V >= 1000000, """"""R$"""" 0.00,,"""" mi"""";-""""R$"""" 0.00,,"""" mi"""""", V >= 1000, """"""R$"""" 0.0,"""" mil"""";-""""R$"""" 0.0,"""" mil"""""", """"""R$"""" 0.00;-""""R$"""" 0.00"")"
KPI | Preço Médio,12 | Comparativos,"""R$"" #,0.00",Medida de apresentação com contexto explícito.,[Preço Médio],"VAR V = ABS([KPI | Preço Médio])
RETURN SWITCH(TRUE(), V >= 1000000, """"""R$"""" 0.00,,"""" mi"""";-""""R$"""" 0.00,,"""" mi"""""", V >= 1000, """"""R$"""" 0.0,"""" mil"""";-""""R$"""" 0.0,"""" mil"""""", """"""R$"""" 0.00;-""""R$"""" 0.00"")"
KPI | CMV Comercial,12 | Comparativos,"""R$"" #,0.00",Medida de apresentação com contexto explícito.,[CMV Comercial],"VAR V = ABS([KPI | CMV Comercial])
RETURN SWITCH(TRUE(), V >= 1000000, """"""R$"""" 0.00,,"""" mi"""";-""""R$"""" 0.00,,"""" mi"""""", V >= 1000, """"""R$"""" 0.0,"""" mil"""";-""""R$"""" 0.0,"""" mil"""""", """"""R$"""" 0.00;-""""R$"""" 0.00"")"
KPI | Captação,12 | Comparativos,"""R$"" #,0.00",Medida de apresentação com contexto explícito.,[Captação],"VAR V = ABS([KPI | Captação])
RETURN SWITCH(TRUE(), V >= 1000000, """"""R$"""" 0.00,,"""" mi"""";-""""R$"""" 0.00,,"""" mi"""""", V >= 1000, """"""R$"""" 0.0,"""" mil"""";-""""R$"""" 0.0,"""" mil"""""", """"""R$"""" 0.00;-""""R$"""" 0.00"")"
KPI | Ativo,12 | Comparativos,"""R$"" #,0.00",Medida de apresentação com contexto explícito.,[Ativo],"VAR V = ABS([KPI | Ativo])
RETURN SWITCH(TRUE(), V >= 1000000, """"""R$"""" 0.00,,"""" mi"""";-""""R$"""" 0.00,,"""" mi"""""", V >= 1000, """"""R$"""" 0.0,"""" mil"""";-""""R$"""" 0.0,"""" mil"""""", """"""R$"""" 0.00;-""""R$"""" 0.00"")"
KPI | Passivo,12 | Comparativos,"""R$"" #,0.00",Medida de apresentação com contexto explícito.,[Passivo],"VAR V = ABS([KPI | Passivo])
RETURN SWITCH(TRUE(), V >= 1000000, """"""R$"""" 0.00,,"""" mi"""";-""""R$"""" 0.00,,"""" mi"""""", V >= 1000, """"""R$"""" 0.0,"""" mil"""";-""""R$"""" 0.0,"""" mil"""""", """"""R$"""" 0.00;-""""R$"""" 0.00"")"
KPI | Patrimônio Líquido,12 | Comparativos,"""R$"" #,0.00",Medida de apresentação com contexto explícito.,[Patrimônio Líquido],"VAR V = ABS([KPI | Patrimônio Líquido])
RETURN SWITCH(TRUE(), V >= 1000000, """"""R$"""" 0.00,,"""" mi"""";-""""R$"""" 0.00,,"""" mi"""""", V >= 1000, """"""R$"""" 0.0,"""" mil"""";-""""R$"""" 0.0,"""" mil"""""", """"""R$"""" 0.00;-""""R$"""" 0.00"")"
KPI | Base 2026,12 | Comparativos,"""R$"" #,0.00",Medida de apresentação com contexto explícito.,[Base 2026],"VAR V = ABS([KPI | Base 2026])
RETURN SWITCH(TRUE(), V >= 1000000, """"""R$"""" 0.00,,"""" mi"""";-""""R$"""" 0.00,,"""" mi"""""", V >= 1000, """"""R$"""" 0.0,"""" mil"""";-""""R$"""" 0.0,"""" mil"""""", """"""R$"""" 0.00;-""""R$"""" 0.00"")"
KPI | Otimista 2026,12 | Comparativos,"""R$"" #,0.00",Medida de apresentação com contexto explícito.,[Otimista 2026],"VAR V = ABS([KPI | Otimista 2026])
RETURN SWITCH(TRUE(), V >= 1000000, """"""R$"""" 0.00,,"""" mi"""";-""""R$"""" 0.00,,"""" mi"""""", V >= 1000, """"""R$"""" 0.0,"""" mil"""";-""""R$"""" 0.0,"""" mil"""""", """"""R$"""" 0.00;-""""R$"""" 0.00"")"
KPI | Adverso 2026,12 | Comparativos,"""R$"" #,0.00",Medida de apresentação com contexto explícito.,[Adverso 2026],"VAR V = ABS([KPI | Adverso 2026])
RETURN SWITCH(TRUE(), V >= 1000000, """"""R$"""" 0.00,,"""" mi"""";-""""R$"""" 0.00,,"""" mi"""""", V >= 1000, """"""R$"""" 0.0,"""" mil"""";-""""R$"""" 0.0,"""" mil"""""", """"""R$"""" 0.00;-""""R$"""" 0.00"")"
KPI | Fluxo de Caixa Livre | Base 2026,12 | Comparativos,"""R$"" #,0.00",Medida de apresentação com contexto explícito.,[Fluxo de Caixa Livre | Base 2026],"VAR V = ABS([KPI | Fluxo de Caixa Livre | Base 2026])
RETURN SWITCH(TRUE(), V >= 1000000, """"""R$"""" 0.00,,"""" mi"""";-""""R$"""" 0.00,,"""" mi"""""", V >= 1000, """"""R$"""" 0.0,"""" mil"""";-""""R$"""" 0.0,"""" mil"""""", """"""R$"""" 0.00;-""""R$"""" 0.00"")"
KPI | Fluxo de Caixa Livre | Otimista 2026,12 | Comparativos,"""R$"" #,0.00",Medida de apresentação com contexto explícito.,[Fluxo de Caixa Livre | Otimista 2026],"VAR V = ABS([KPI | Fluxo de Caixa Livre | Otimista 2026])
RETURN SWITCH(TRUE(), V >= 1000000, """"""R$"""" 0.00,,"""" mi"""";-""""R$"""" 0.00,,"""" mi"""""", V >= 1000, """"""R$"""" 0.0,"""" mil"""";-""""R$"""" 0.0,"""" mil"""""", """"""R$"""" 0.00;-""""R$"""" 0.00"")"
KPI | Captação Adverso 2026,11 | Cenários,"""R$"" #,0.00",Medida de apresentação com contexto explícito.,[Captação Adverso 2026],"VAR V = ABS([KPI | Captação Adverso 2026])
RETURN SWITCH(TRUE(), V >= 1000000, """"""R$"""" 0.00,,"""" mi"""";-""""R$"""" 0.00,,"""" mi"""""", V >= 1000, """"""R$"""" 0.0,"""" mil"""";-""""R$"""" 0.0,"""" mil"""""", """"""R$"""" 0.00;-""""R$"""" 0.00"")"
