Data,Cenário,BP R$,DFC R$,Diário R$,Caixa final,Status,Alerta caixa
2024-01-01,Realizado,0.0,0.0,4.656612873077393e-10,2503481.8133333335,OK,Caixa positivo
2024-02-01,Realizado,0.0,-5.093170329928398e-11,9.313225746154785e-10,2435948.005482,OK,Caixa positivo
2024-03-01,Realizado,0.0,-2.9103830456733704e-11,1.3969838619232178e-09,2142410.1688873335,OK,Caixa positivo
2024-04-01,Realizado,0.0,-1.5279510989785194e-10,9.313225746154785e-10,2155778.6258266666,OK,Caixa positivo
2024-05-01,Realizado,0.0,8.731149137020111e-11,1.3969838619232178e-09,2110181.4374586665,OK,Caixa positivo
2024-06-01,Realizado,0.0,9.094947017729282e-11,1.6298145055770874e-09,2004745.1672373333,OK,Caixa positivo
2024-07-01,Realizado,-9.313225746154785e-10,2.9103830456733704e-10,1.862645149230957e-09,2214304.2109106667,OK,Caixa positivo
2024-08-01,Realizado,9.313225746154785e-10,2.1827872842550278e-10,1.862645149230957e-09,2105324.4918546667,OK,Caixa positivo
2024-09-01,Realizado,0.0,3.2378011383116245e-10,2.3283064365386963e-09,1993655.3386473334,OK,Caixa positivo
2024-10-01,Realizado,0.0,1.4551915228366852e-11,2.3283064365386963e-09,1863198.5824613336,OK,Caixa positivo
2024-11-01,Realizado,-9.313225746154785e-10,2.0372681319713593e-10,2.3283064365386963e-09,1684879.1351020003,OK,Caixa positivo
2024-12-01,Realizado,0.0,5.238689482212067e-10,2.561137080192566e-09,1832722.7945500002,OK,Caixa positivo
2025-01-01,Realizado,9.313225746154785e-10,0.0,2.561137080192566e-09,1707637.290778667,OK,Caixa positivo
2025-02-01,Realizado,0.0,1.5643308870494366e-10,2.561137080192566e-09,1654600.6491230004,OK,Caixa positivo
2025-03-01,Realizado,-1.862645149230957e-09,0.0,2.561137080192566e-09,1214670.768320333,OK,Caixa positivo
2025-04-01,Realizado,0.0,3.346940502524376e-10,3.259629011154175e-09,1562533.5379990004,OK,Caixa positivo
2025-05-01,Realizado,-9.313225746154785e-10,2.9103830456733704e-10,3.725290298461914e-09,1451222.024957,OK,Caixa positivo
2025-06-01,Realizado,0.0,1.8917489796876907e-10,3.958120942115784e-09,1375665.142290667,OK,Caixa positivo
2025-07-01,Realizado,0.0,1.7462298274040222e-10,4.190951585769653e-09,1060377.6342070003,OK,Caixa positivo
2025-08-01,Realizado,0.0,-2.6193447411060333e-10,3.958120942115784e-09,842526.8548790005,OK,Caixa positivo
2025-09-01,Realizado,0.0,-2.6193447411060333e-10,3.6088749766349792e-09,577513.7557550005,OK,Caixa positivo
2025-10-01,Realizado,-9.313225746154785e-10,-2.3283064365386963e-10,3.259629011154175e-09,1210533.9128866668,OK,Caixa positivo
2025-11-01,Realizado,0.0,2.3283064365386963e-10,3.4924596548080444e-09,789243.6640243335,OK,Caixa positivo
2025-12-01,Realizado,9.313225746154785e-10,5.820766091346741e-10,4.190951585769653e-09,1000255.5938990002,OK,Caixa positivo
2024-01-01,Orçamento,0.0,0.0,0.0,2610045.6,OK,Caixa positivo
2024-02-01,Orçamento,0.0,0.0,0.0,2557383.0300000003,OK,Caixa positivo
2024-03-01,Orçamento,0.0,2.6193447411060333e-10,0.0,2259360.032,OK,Caixa positivo
2024-04-01,Orçamento,0.0,0.0,0.0,2304718.6780000003,OK,Caixa positivo
2024-05-01,Orçamento,0.0,1.2005330063402653e-10,0.0,2237828.176,OK,Caixa positivo
2024-06-01,Orçamento,0.0,2.3283064365386963e-10,0.0,2176850.388,OK,Caixa positivo
2024-07-01,Orçamento,0.0,2.0372681319713593e-10,0.0,2340356.224,OK,Caixa positivo
2024-08-01,Orçamento,0.0,4.3655745685100555e-10,0.0,2242319.5399999996,OK,Caixa positivo
2024-09-01,Orçamento,0.0,-1.2369127944111824e-10,0.0,2139553.4079999994,OK,Caixa positivo
2024-10-01,Orçamento,0.0,-2.510205376893282e-10,0.0,2087706.7119999991,OK,Caixa positivo
2024-11-01,Orçamento,0.0,-2.6193447411060333e-10,0.0,1894746.6499999994,OK,Caixa positivo
2024-12-01,Orçamento,-9.313225746154785e-10,5.820766091346741e-11,0.0,2039743.6659999995,OK,Caixa positivo
2025-01-01,Orçamento,-9.313225746154785e-10,0.0,0.0,2406697.7859999994,OK,Caixa positivo
2025-02-01,Orçamento,0.0,1.291482476517558e-10,0.0,2367091.4733999996,OK,Caixa positivo
2025-03-01,Orçamento,0.0,-2.0372681319713593e-10,0.0,2050883.1789599997,OK,Caixa positivo
2025-04-01,Orçamento,0.0,1.1641532182693481e-10,0.0,2476868.5476399995,OK,Caixa positivo
2025-05-01,Orçamento,-9.313225746154785e-10,-1.2369127944111824e-10,0.0,2416119.1808799994,OK,Caixa positivo
2025-06-01,Orçamento,0.0,-1.6007106751203537e-10,0.0,2376698.1398399994,OK,Caixa positivo
2025-07-01,Orçamento,0.0,1.7462298274040222e-10,0.0,2589171.09832,OK,Caixa positivo
2025-08-01,Orçamento,-9.313225746154785e-10,-8.731149137020111e-11,0.0,2492943.1423999993,OK,Caixa positivo
2025-09-01,Orçamento,0.0,2.0372681319713593e-10,0.0,2404057.7610399993,OK,Caixa positivo
2025-10-01,Orçamento,-9.313225746154785e-10,-8.731149137020111e-11,0.0,2362260.637359999,OK,Caixa positivo
2025-11-01,Orçamento,-9.313225746154785e-10,-1.7462298274040222e-10,0.0,2153869.000999999,OK,Caixa positivo
2025-12-01,Orçamento,-9.313225746154785e-10,-1.1641532182693481e-10,0.0,2357190.039879999,OK,Caixa positivo
2025-01-01,Forecast 6+6,9.313225746154785e-10,0.0,0.0,1707637.290778667,OK,Caixa positivo
2025-02-01,Forecast 6+6,0.0,1.5643308870494366e-10,0.0,1654600.6491230004,OK,Caixa positivo
2025-03-01,Forecast 6+6,-1.862645149230957e-09,0.0,0.0,1214670.768320333,OK,Caixa positivo
2025-04-01,Forecast 6+6,0.0,3.346940502524376e-10,0.0,1562533.5379990004,OK,Caixa positivo
2025-05-01,Forecast 6+6,-9.313225746154785e-10,2.9103830456733704e-10,0.0,1451222.024957,OK,Caixa positivo
2025-06-01,Forecast 6+6,0.0,1.8917489796876907e-10,0.0,1375665.142290667,OK,Caixa positivo
2025-07-01,Forecast 6+6,-9.313225746154785e-10,-1.1641532182693481e-10,0.0,1776059.2662070005,OK,Caixa positivo
2025-08-01,Forecast 6+6,0.0,1.4551915228366852e-10,0.0,1590887.771807,OK,Caixa positivo
2025-09-01,Forecast 6+6,0.0,2.4010660126805305e-10,0.0,1435924.6566070002,OK,Caixa positivo
2025-10-01,Forecast 6+6,-9.313225746154785e-10,1.1641532182693481e-10,0.0,1314025.251006999,OK,Caixa positivo
2025-11-01,Forecast 6+6,0.0,1.1641532182693481e-10,0.0,953579.6098069996,OK,Caixa positivo
2025-12-01,Forecast 6+6,0.0,1.7462298274040222e-10,0.0,1177541.5494070002,OK,Caixa positivo
2026-01-01,Base 2026,-9.313225746154785e-10,-5.820766091346741e-10,0.0,1996192.8454494001,OK,Caixa positivo
2026-02-01,Base 2026,0.0,1.6007106751203537e-10,0.0,1961555.4450859765,OK,Caixa positivo
2026-03-01,Base 2026,9.313225746154785e-10,2.3283064365386963e-10,0.0,1521514.6723445999,OK,Caixa positivo
2026-04-01,Base 2026,0.0,4.220055416226387e-10,0.0,1574042.1584039915,OK,Caixa positivo
2026-05-01,Base 2026,9.313225746154785e-10,1.382431946694851e-10,0.0,1508386.2483033203,OK,Caixa positivo
2026-06-01,Base 2026,-9.313225746154785e-10,-7.275957614183426e-12,0.0,1427333.7818607923,OK,Caixa positivo
2026-07-01,Base 2026,0.0,2.3283064365386963e-10,0.0,1921230.69074012,OK,Caixa positivo
2026-08-01,Base 2026,9.313225746154785e-10,-2.1827872842550278e-10,0.0,1787712.5272052716,OK,Caixa positivo
2026-09-01,Base 2026,0.0,1.0186340659856796e-10,0.0,1577456.3255952876,OK,Caixa positivo
2026-10-01,Base 2026,0.0,4.0745362639427185e-10,0.0,1338593.2011359269,OK,Caixa positivo
2026-11-01,Base 2026,0.0,1.7462298274040222e-10,0.0,962888.5880038643,OK,Caixa positivo
2026-12-01,Base 2026,0.0,6.984919309616089e-10,0.0,1188635.854023191,OK,Caixa positivo
2026-01-01,Otimista 2026,0.0,6.984919309616089e-10,0.0,2425906.042186973,OK,Caixa positivo
2026-02-01,Otimista 2026,0.0,2.1827872842550278e-11,0.0,2430636.627360684,OK,Caixa positivo
2026-03-01,Otimista 2026,0.0,8.731149137020111e-11,0.0,2100653.300394913,OK,Caixa positivo
2026-04-01,Otimista 2026,-9.313225746154785e-10,-4.3655745685100555e-10,0.0,2187048.6145946938,OK,Caixa positivo
2026-05-01,Otimista 2026,-9.313225746154785e-10,-2.1100277081131935e-10,0.0,2181632.968141726,OK,Caixa positivo
2026-06-01,Otimista 2026,-1.862645149230957e-09,-2.3283064365386963e-10,0.0,2146125.315738727,OK,Caixa positivo
2026-07-01,Otimista 2026,-9.313225746154785e-10,0.0,0.0,2579606.416655793,OK,Caixa positivo
2026-08-01,Otimista 2026,-9.313225746154785e-10,-6.548361852765083e-10,0.0,2511435.000551601,OK,Caixa positivo
2026-09-01,Otimista 2026,0.0,-2.9103830456733704e-10,0.0,2367147.8974244115,OK,Caixa positivo
2026-10-01,Otimista 2026,0.0,-1.7462298274040222e-10,0.0,2227859.352994445,OK,Caixa positivo
2026-11-01,Otimista 2026,0.0,-2.9103830456733704e-10,0.0,1992637.691124556,OK,Caixa positivo
2026-12-01,Otimista 2026,1.862645149230957e-09,5.238689482212067e-10,0.0,2217344.8944293875,OK,Caixa positivo
2026-01-01,Adverso 2026,0.0,-4.3655745685100555e-11,0.0,862432.1889228411,OK,Caixa positivo
2026-02-01,Adverso 2026,0.0,2.0372681319713593e-10,0.0,729015.2691647612,OK,Caixa positivo
2026-03-01,Adverso 2026,0.0,0.0,0.0,1805462.8788562804,OK,Caixa positivo
2026-04-01,Adverso 2026,0.0,-1.0186340659856796e-10,0.0,1768676.1265417205,OK,Caixa positivo
2026-05-01,Adverso 2026,0.0,-2.3283064365386963e-10,0.0,1543398.0282954806,OK,Caixa positivo
2026-06-01,Adverso 2026,-1.862645149230957e-09,6.548361852765083e-10,0.0,1346026.4743417208,OK,Caixa positivo
2026-07-01,Adverso 2026,0.0,4.656612873077393e-10,0.0,2004659.7837586813,OK,Caixa positivo
2026-08-01,Adverso 2026,1.862645149230957e-09,5.820766091346741e-11,0.0,1685441.7214156403,OK,Caixa positivo
2026-09-01,Adverso 2026,0.0,-4.0745362639427185e-10,0.0,1294172.8017694002,OK,Caixa positivo
2026-10-01,Adverso 2026,0.0,-1.1641532182693481e-10,0.0,791637.6311820402,OK,Caixa positivo
2026-11-01,Adverso 2026,0.0,4.656612873077393e-10,0.0,55823.501640921226,OK,Caixa positivo
2026-12-01,Adverso 2026,0.0,2.3283064365386963e-10,0.0,305554.39285960956,OK,Caixa positivo
