Data,ContaID,Campo,SaldoDiario,SaldoModelo,Diferenca
2024-01-01,1101,CaixaFinal,2503481.813333334,2503481.8133333335,4.656612873077393e-10
2024-01-01,1102,Clientes,1240139.1733333333,1240139.1733333333,0.0
2024-01-01,1103,Estoque,943490.6666666665,943490.6666666666,-1.1641532182693481e-10
2024-01-01,1201,ImobilizadoBruto,1518000.0,1518000.0,0.0
2024-01-01,1202,DepAcumulada,315000.0,315000.0,0.0
2024-01-01,2101,Fornecedores,717873.3333333334,717873.3333333334,0.0
2024-01-01,2102,SalariosPagar,19000.0,19000.0,0.0
2024-01-01,2103,TributosVendaPagar,79058.8723,79058.8723,0.0
2024-01-01,2104,IRPagar,4141.012217999989,4141.012217999987,1.8189894035458565e-12
2024-01-01,2201,Divida,782000.0,782000.0,0.0
2024-01-01,3101,Capital,3900000,3900000.0,0.0
2024-01-01,3102,LucrosAcumulados,388038.435482,388038.435482,0.0
2024-02-01,1101,CaixaFinal,2435948.0054820008,2435948.005482,9.313225746154785e-10
2024-02-01,1102,Clientes,1297408.6400000001,1297408.6400000001,0.0
2024-02-01,1103,Estoque,986102.0,986102.0,0.0
2024-02-01,1201,ImobilizadoBruto,1536000.0,1536000.0,0.0
2024-02-01,1202,DepAcumulada,330180.0,330180.0,0.0
2024-02-01,2101,Fornecedores,750295.0,750295.0,0.0
2024-02-01,2102,SalariosPagar,19000.0,19000.0,0.0
2024-02-01,2103,TributosVendaPagar,82709.8008,82709.8008,0.0
2024-02-01,2104,IRPagar,7220.0391280000085,7220.0391280000085,0.0
2024-02-01,2201,Divida,764000.0,764000.0,0.0
2024-02-01,3101,Capital,3900000,3900000.0,0.0
2024-02-01,3102,LucrosAcumulados,402053.80555399985,402053.805554,-1.7462298274040222e-10
2024-03-01,1101,CaixaFinal,2142410.168887335,2142410.1688873335,1.3969838619232178e-09
2024-03-01,1102,Clientes,1518868.72,1518868.72,0.0
2024-03-01,1103,Estoque,1154339.3333333333,1154339.3333333333,0.0
2024-03-01,1201,ImobilizadoBruto,1626000.0,1626000.0,0.0
2024-03-01,1202,DepAcumulada,345540.0,345540.0,0.0
2024-03-01,2101,Fornecedores,878301.6666666666,878301.6666666666,0.0
2024-03-01,2102,SalariosPagar,19000.0,19000.0,0.0
2024-03-01,2103,TributosVendaPagar,96827.8809,96827.8809,0.0
2024-03-01,2104,IRPagar,18324.255494000015,18324.255494000015,0.0
2024-03-01,2201,Divida,746000.0,746000.0,0.0
2024-03-01,3101,Capital,3900000,3900000.0,0.0
2024-03-01,3102,LucrosAcumulados,437624.41915999976,437624.41916000005,-2.9103830456733704e-10
2024-04-01,1101,CaixaFinal,2155778.6258266675,2155778.6258266666,9.313225746154785e-10
2024-04-01,1102,Clientes,1519758.5066666666,1519758.5066666666,0.0
2024-04-01,1103,Estoque,1156041.3333333333,1156041.3333333333,0.0
2024-04-01,1201,ImobilizadoBruto,1644000.0,1644000.0,0.0
2024-04-01,1202,DepAcumulada,361800.0,361800.0,0.0
2024-04-01,2101,Fornecedores,879596.6666666666,879596.6666666666,0.0
2024-04-01,2102,SalariosPagar,19000.0,19000.0,0.0
2024-04-01,2103,TributosVendaPagar,96884.6048,96884.6048,0.0
2024-04-01,2104,IRPagar,17908.743567999973,17908.743567999973,0.0
2024-04-01,2201,Divida,728000.0,728000.0,0.0
2024-04-01,3101,Capital,3900000,3900000.0,0.0
2024-04-01,3102,LucrosAcumulados,472388.45079199964,472388.450792,-3.4924596548080444e-10
2024-05-01,1101,CaixaFinal,2110181.437458668,2110181.4374586665,1.3969838619232178e-09
2024-05-01,1102,Clientes,1581386.7733333334,1581386.7733333334,0.0
2024-05-01,1103,Estoque,1204004.0,1204004.0,0.0
2024-05-01,1201,ImobilizadoBruto,1662000.0,1662000.0,0.0
2024-05-01,1202,DepAcumulada,378240.0,378240.0,0.0
2024-05-01,2101,Fornecedores,916090.0,916090.0,0.0
2024-05-01,2102,SalariosPagar,19000.0,19000.0,0.0
2024-05-01,2103,TributosVendaPagar,100813.40680000001,100813.40680000001,0.0
2024-05-01,2104,IRPagar,20753.720088000024,20753.720088000024,0.0
2024-05-01,2201,Divida,710000.0,710000.0,0.0
2024-05-01,3101,Capital,3900000,3900000.0,0.0
2024-05-01,3102,LucrosAcumulados,512675.0839039998,512675.08390400006,-2.3283064365386963e-10
2024-06-01,1101,CaixaFinal,2004745.167237335,2004745.1672373333,1.6298145055770874e-09
2024-06-01,1102,Clientes,1637587.4666666666,1637587.4666666666,0.0
2024-06-01,1103,Estoque,1246508.0,1246508.0,0.0
2024-06-01,1201,ImobilizadoBruto,1752000.0,1752000.0,0.0
2024-06-01,1202,DepAcumulada,394860.0,394860.0,0.0
2024-06-01,2101,Fornecedores,948430.0,948430.0,0.0
2024-06-01,2102,SalariosPagar,19000.0,19000.0,0.0
2024-06-01,2103,TributosVendaPagar,104396.20100000002,104396.20100000002,0.0
2024-06-01,2104,IRPagar,23622.978659999997,23622.978659999997,0.0
2024-06-01,2201,Divida,692000.0,692000.0,0.0
2024-06-01,3101,Capital,3900000,3900000.0,0.0
2024-06-01,3102,LucrosAcumulados,558531.4542439998,558531.454244,-2.3283064365386963e-10
2024-07-01,1101,CaixaFinal,2214304.2109106686,2214304.2109106667,1.862645149230957e-09
2024-07-01,1102,Clientes,1445139.9466666665,1445139.9466666665,0.0
2024-07-01,1103,Estoque,1101301.3333333333,1101301.3333333333,0.0
2024-07-01,1201,ImobilizadoBruto,1770000.0,1770000.0,0.0
2024-07-01,1202,DepAcumulada,412380.0,412380.0,0.0
2024-07-01,2101,Fornecedores,837946.6666666666,837946.6666666666,0.0
2024-07-01,2102,SalariosPagar,19760.0,19760.0,0.0
2024-07-01,2103,TributosVendaPagar,92127.6716,92127.6716,0.0
2024-07-01,2104,IRPagar,12239.897455999992,12239.89745599999,1.8189894035458565e-12
2024-07-01,2201,Divida,674000.0,674000.0,0.0
2024-07-01,3101,Capital,3900000,3900000.0,0.0
2024-07-01,3102,LucrosAcumulados,582291.2551879998,582291.255188,-2.3283064365386963e-10
2024-08-01,1101,CaixaFinal,2105324.4918546686,2105324.4918546667,1.862645149230957e-09
2024-08-01,1102,Clientes,1564589.7866666666,1564589.7866666666,0.0
2024-08-01,1103,Estoque,1190403.3333333333,1190403.3333333333,0.0
2024-08-01,1201,ImobilizadoBruto,1788000.0,1788000.0,0.0
2024-08-01,1202,DepAcumulada,430080.0,430080.0,0.0
2024-08-01,2101,Fornecedores,905741.6666666666,905741.6666666666,0.0
2024-08-01,2102,SalariosPagar,19760.0,19760.0,0.0
2024-08-01,2103,TributosVendaPagar,99742.59890000001,99742.59890000001,0.0
2024-08-01,2104,IRPagar,18598.710974,18598.710973999998,3.637978807091713e-12
2024-08-01,2201,Divida,656000.0,656000.0,0.0
2024-08-01,3101,Capital,3900000,3900000.0,0.0
2024-08-01,3102,LucrosAcumulados,618394.6353139996,618394.6353140001,-4.656612873077393e-10
2024-09-01,1101,CaixaFinal,1993655.3386473358,1993655.3386473334,2.3283064365386963e-09
2024-09-01,1102,Clientes,1625315.0133333332,1625315.0133333332,0.0
2024-09-01,1103,Estoque,1235130.6666666667,1235130.6666666667,0.0
2024-09-01,1201,ImobilizadoBruto,1878000.0,1878000.0,0.0
2024-09-01,1202,DepAcumulada,447960.0,447960.0,0.0
2024-09-01,2101,Fornecedores,939773.3333333334,939773.3333333334,0.0
2024-09-01,2102,SalariosPagar,19760.0,19760.0,0.0
2024-09-01,2103,TributosVendaPagar,103613.83210000001,103613.83210000001,0.0
2024-09-01,2104,IRPagar,21963.734086000015,21963.734086000008,7.275957614183426e-12
2024-09-01,2201,Divida,638000.0,638000.0,0.0
2024-09-01,3101,Capital,3900000,3900000.0,0.0
2024-09-01,3102,LucrosAcumulados,661030.1191279996,661030.1191280001,-4.656612873077393e-10
2024-10-01,1101,CaixaFinal,1863198.582461336,1863198.5824613336,2.3283064365386963e-09
2024-10-01,1102,Clientes,1781968.88,1781968.88,0.0
2024-10-01,1103,Estoque,1357659.333333333,1357659.3333333333,-2.3283064365386963e-10
2024-10-01,1201,ImobilizadoBruto,1896000.0,1896000.0,0.0
2024-10-01,1202,DepAcumulada,466740.0,466740.0,0.0
2024-10-01,2101,Fornecedores,1033001.6666666666,1033001.6666666666,0.0
2024-10-01,2102,SalariosPagar,19760.0,19760.0,0.0
2024-10-01,2103,TributosVendaPagar,113600.51610000001,113600.51610000001,0.0
2024-10-01,2104,IRPagar,28796.12792600002,28796.127926000012,7.275957614183426e-12
2024-10-01,2201,Divida,620000.0,620000.0,0.0
2024-10-01,3101,Capital,3900000,3900000.0,0.0
2024-10-01,3102,LucrosAcumulados,716928.4851019995,716928.4851020002,-6.984919309616089e-10
2024-11-01,1101,CaixaFinal,1684879.1351020026,1684879.1351020003,2.3283064365386963e-09
2024-11-01,1102,Clientes,2005883.0933333335,2005883.0933333335,0.0
2024-11-01,1103,Estoque,1527629.333333333,1527629.3333333333,-2.3283064365386963e-10
2024-11-01,1201,ImobilizadoBruto,1914000.0,1914000.0,0.0
2024-11-01,1202,DepAcumulada,485700.0,485700.0,0.0
2024-11-01,2101,Fornecedores,1162326.6666666667,1162326.6666666667,0.0
2024-11-01,2102,SalariosPagar,19760.0,19760.0,0.0
2024-11-01,2103,TributosVendaPagar,127875.04720000002,127875.04720000002,0.0
2024-11-01,2104,IRPagar,40052.46335200005,40052.46335200005,0.0
2024-11-01,2201,Divida,602000.0,602000.0,0.0
2024-11-01,3101,Capital,3900000,3900000.0,0.0
2024-11-01,3102,LucrosAcumulados,794677.3845499996,794677.3845500003,-6.984919309616089e-10
2024-12-01,1101,CaixaFinal,1832722.7945500028,1832722.7945500002,2.561137080192566e-09
2024-12-01,1102,Clientes,1842292.7733333334,1842292.7733333334,0.0
2024-12-01,1103,Estoque,1403199.333333333,1403199.3333333333,-2.3283064365386963e-10
2024-12-01,1201,ImobilizadoBruto,2004000.0,2004000.0,0.0
2024-12-01,1202,DepAcumulada,504840.0,504840.0,0.0
2024-12-01,2101,Fornecedores,1067651.6666666667,1067651.6666666667,0.0
2024-12-01,2102,SalariosPagar,19760.0,19760.0,0.0
2024-12-01,2103,TributosVendaPagar,117446.16430000002,117446.16430000002,0.0
2024-12-01,2104,IRPagar,31905.493138000005,31905.493138,3.637978807091713e-12
2024-12-01,2201,Divida,584000.0,584000.0,0.0
2024-12-01,3101,Capital,3900000,3900000.0,0.0
2024-12-01,3102,LucrosAcumulados,856611.5771119996,856611.5771120003,-6.984919309616089e-10
2025-01-01,1101,CaixaFinal,1707637.2907786695,1707637.290778667,2.561137080192566e-09
2025-01-01,1102,Clientes,1803376.6676666667,1803376.6676666667,0.0
2025-01-01,1103,Estoque,1364101.4053333327,1364101.4053333332,-4.656612873077393e-10
2025-01-01,1201,ImobilizadoBruto,2022000.0,2022000.0,0.0
2025-01-01,1202,DepAcumulada,524880.0,524880.0,0.0
2025-01-01,2101,Fornecedores,918145.1766666665,918145.1766666665,0.0
2025-01-01,2102,SalariosPagar,21185.0,21185.0,0.0
2025-01-01,2103,TributosVendaPagar,97842.77665,97842.77665,0.0
2025-01-01,2104,IRPagar,4233.283339000056,4233.28333900005,6.366462912410498e-12
2025-01-01,2201,Divida,566000.0,566000.0,0.0
2025-01-01,3101,Capital,3900000,3900000.0,0.0
2025-01-01,3102,LucrosAcumulados,864829.1271229996,864829.1271230004,-8.149072527885437e-10
2025-02-01,1101,CaixaFinal,1654600.649123003,1654600.6491230004,2.561137080192566e-09
2025-02-01,1102,Clientes,1843546.4239999999,1843546.4239999999,0.0
2025-02-01,1103,Estoque,1396732.5839999996,1396732.584,-4.656612873077393e-10
2025-02-01,1201,ImobilizadoBruto,2040000.0,2040000.0,0.0
2025-02-01,1202,DepAcumulada,545100.0,545100.0,0.0
2025-02-01,2101,Fornecedores,940108.4700000001,940108.4700000001,0.0
2025-02-01,2102,SalariosPagar,21185.0,21185.0,0.0
2025-02-01,2103,TributosVendaPagar,100022.1996,100022.1996,0.0
2025-02-01,2104,IRPagar,5315.852536000028,5315.852536000022,5.4569682106375694e-12
2025-02-01,2201,Divida,548000.0,548000.0,0.0
2025-02-01,3101,Capital,3900000,3900000.0,0.0
2025-02-01,3102,LucrosAcumulados,875148.1349869997,875148.1349870005,-8.149072527885437e-10
2025-03-01,1101,CaixaFinal,1214670.7683203355,1214670.768320333,2.561137080192566e-09
2025-03-01,1102,Clientes,2177593.158666667,2177593.158666667,0.0
2025-03-01,1103,Estoque,1650639.3279999997,1650639.3280000002,-4.656612873077393e-10
2025-03-01,1201,ImobilizadoBruto,2130000.0,2130000.0,0.0
2025-03-01,1202,DepAcumulada,565500.0,565500.0,0.0
2025-03-01,2101,Fornecedores,1111007.24,1111007.24,0.0
2025-03-01,2102,SalariosPagar,21185.0,21185.0,0.0
2025-03-01,2103,TributosVendaPagar,118146.01180000002,118146.01180000002,0.0
2025-03-01,2104,IRPagar,17651.735188000028,17651.73518800002,7.275957614183426e-12
2025-03-01,2201,Divida,530000.0,530000.0,0.0
2025-03-01,3101,Capital,3900000,3900000.0,0.0
2025-03-01,3102,LucrosAcumulados,909413.2679989996,909413.2679990005,-9.313225746154785e-10
2025-04-01,1101,CaixaFinal,1562533.5379990037,1562533.5379990004,3.259629011154175e-09
2025-04-01,1102,Clientes,2168732.311333333,2168732.311333333,0.0
2025-04-01,1103,Estoque,1646823.8453333327,1646823.8453333334,-6.984919309616089e-10
2025-04-01,1201,ImobilizadoBruto,2148000.0,2148000.0,0.0
2025-04-01,1202,DepAcumulada,586800.0,586800.0,0.0
2025-04-01,2101,Fornecedores,1108439.1266666667,1108439.1266666667,0.0
2025-04-01,2102,SalariosPagar,21185.0,21185.0,0.0
2025-04-01,2103,TributosVendaPagar,117665.26370000001,117665.26370000001,0.0
2025-04-01,2104,IRPagar,6999.592341999982,6999.5923419999735,8.185452315956354e-12
2025-04-01,2201,Divida,862000.0,862000.0,0.0
2025-04-01,3101,Capital,3900000,3900000.0,0.0
2025-04-01,3102,LucrosAcumulados,923000.7119569995,923000.7119570004,-9.313225746154785e-10
2025-05-01,1101,CaixaFinal,1451222.0249570038,1451222.024957,3.725290298461914e-09
2025-05-01,1102,Clientes,2271163.030333333,2271163.030333333,0.0
2025-05-01,1103,Estoque,1719151.893333333,1719151.8933333335,-4.656612873077393e-10
2025-05-01,1201,ImobilizadoBruto,2166000.0,2166000.0,0.0
2025-05-01,1202,DepAcumulada,608280.0,608280.0,0.0
2025-05-01,2101,Fornecedores,1157121.4666666666,1157121.4666666666,0.0
2025-05-01,2102,SalariosPagar,21185.0,21185.0,0.0
2025-05-01,2103,TributosVendaPagar,123222.67505,123222.67505,0.0
2025-05-01,2104,IRPagar,10447.212283000032,10447.21228300002,1.0913936421275139e-11
2025-05-01,2201,Divida,844000.0,844000.0,0.0
2025-05-01,3101,Capital,3900000,3900000.0,0.0
2025-05-01,3102,LucrosAcumulados,943280.5946239994,943280.5946240005,-1.0477378964424133e-09
2025-06-01,1101,CaixaFinal,1375665.142290671,1375665.142290667,3.958120942115784e-09
2025-06-01,1102,Clientes,2304818.853,2304818.853,0.0
2025-06-01,1103,Estoque,1745830.5626666658,1745830.5626666665,-6.984919309616089e-10
2025-06-01,1201,ImobilizadoBruto,2256000.0,2256000.0,0.0
2025-06-01,1202,DepAcumulada,629940.0,629940.0,0.0
2025-06-01,2101,Fornecedores,1175078.2633333332,1175078.2633333332,0.0
2025-06-01,2102,SalariosPagar,21185.0,21185.0,0.0
2025-06-01,2103,TributosVendaPagar,125048.68245000001,125048.68245000001,0.0
2025-06-01,2104,IRPagar,21005.885967000024,21005.885967000017,7.275957614183426e-12
2025-06-01,2201,Divida,826000.0,826000.0,0.0
2025-06-01,3101,Capital,3900000,3900000.0,0.0
2025-06-01,3102,LucrosAcumulados,984056.7262069992,984056.7262070006,-1.3969838619232178e-09
2025-07-01,1101,CaixaFinal,1060377.6342070044,1060377.6342070003,4.190951585769653e-09
2025-07-01,1102,Clientes,2414624.96,2414624.96,0.0
2025-07-01,1103,Estoque,1694841.6719999989,1694841.672,-1.1641532182693481e-09
2025-07-01,1201,ImobilizadoBruto,2274000.0,2274000.0,0.0
2025-07-01,1202,DepAcumulada,652500.0,652500.0,0.0
2025-07-01,2101,Fornecedores,956765.4600000001,956765.4600000001,0.0
2025-07-01,2102,SalariosPagar,22032.399999999994,22032.4,-7.275957614183426e-12
2025-07-01,2103,TributosVendaPagar,102621.5608,102621.5608,0.0
2025-07-01,2104,IRPagar,6075.160527999953,6075.160527999947,6.366462912410498e-12
2025-07-01,2201,Divida,808000.0,808000.0,0.0
2025-07-01,3101,Capital,3900000,3900000.0,0.0
2025-07-01,3102,LucrosAcumulados,995849.684878999,995849.6848790004,-1.3969838619232178e-09
2025-08-01,1101,CaixaFinal,842526.8548790044,842526.8548790005,3.958120942115784e-09
2025-08-01,1102,Clientes,2597289.68,2597289.68,0.0
2025-08-01,1103,Estoque,1825139.6733333315,1825139.673333333,-1.6298145055770874e-09
2025-08-01,1201,ImobilizadoBruto,2292000.0,2292000.0,0.0
2025-08-01,1202,DepAcumulada,675240.0,675240.0,0.0
2025-08-01,2101,Fornecedores,1030320.7833333333,1030320.7833333333,0.0
2025-08-01,2102,SalariosPagar,22032.399999999994,22032.4,-7.275957614183426e-12
2025-08-01,2103,TributosVendaPagar,110384.81140000002,110384.81140000002,0.0
2025-08-01,2104,IRPagar,11263.699724000044,11263.699724000036,7.275957614183426e-12
2025-08-01,2201,Divida,790000.0,790000.0,0.0
2025-08-01,3101,Capital,3900000,3900000.0,0.0
2025-08-01,3102,LucrosAcumulados,1017714.5137549991,1017714.5137550004,-1.280568540096283e-09
2025-09-01,1101,CaixaFinal,577513.7557550041,577513.7557550005,3.6088749766349792e-09
2025-09-01,1102,Clientes,2770622.7,2770622.7,0.0
2025-09-01,1103,Estoque,1944941.901333332,1944941.9013333332,-1.1641532182693481e-09
2025-09-01,1201,ImobilizadoBruto,2382000.0,2382000.0,0.0
2025-09-01,1202,DepAcumulada,698160.0,698160.0,0.0
2025-09-01,2101,Fornecedores,1097951.0733333335,1097951.0733333335,0.0
2025-09-01,2102,SalariosPagar,22032.399999999994,22032.4,-7.275957614183426e-12
2025-09-01,2103,TributosVendaPagar,117751.46475000001,117751.46475000001,0.0
2025-09-01,2104,IRPagar,16819.42778500001,16819.427785000003,7.275957614183426e-12
2025-09-01,2201,Divida,772000.0,772000.0,0.0
2025-09-01,3101,Capital,3900000,3900000.0,0.0
2025-09-01,3102,LucrosAcumulados,1050363.9912199995,1050363.9912200004,-9.313225746154785e-10
2025-10-01,1101,CaixaFinal,1210533.91288667,1210533.9128866668,3.259629011154175e-09
2025-10-01,1102,Clientes,2437715.9276666665,2437715.9276666665,0.0
2025-10-01,1103,Estoque,1846046.5573333327,1846046.5573333337,-9.313225746154785e-10
2025-10-01,1201,ImobilizadoBruto,2400000.0,2400000.0,0.0
2025-10-01,1202,DepAcumulada,721980.0,721980.0,0.0
2025-10-01,2101,Fornecedores,1242531.3366666667,1242531.3366666667,0.0
2025-10-01,2102,SalariosPagar,22032.399999999994,22032.4,-7.275957614183426e-12
2025-10-01,2103,TributosVendaPagar,132259.05565,132259.05565,0.0
2025-10-01,2104,IRPagar,24184.06887899994,24184.06887899994,0.0
2025-10-01,2201,Divida,754000.0,754000.0,0.0
2025-10-01,3101,Capital,3900000,3900000.0,0.0
2025-10-01,3102,LucrosAcumulados,1097309.5366909993,1097309.5366910002,-9.313225746154785e-10
2025-11-01,1101,CaixaFinal,789243.664024337,789243.6640243335,3.4924596548080444e-09
2025-11-01,1102,Clientes,2858249.728,2858249.728,0.0
2025-11-01,1103,Estoque,2165343.3013333324,2165343.3013333334,-9.313225746154785e-10
2025-11-01,1201,ImobilizadoBruto,2418000.0,2418000.0,0.0
2025-11-01,1202,DepAcumulada,745980.0,745980.0,0.0
2025-11-01,2101,Fornecedores,1457442.6066666667,1457442.6066666667,0.0
2025-11-01,2102,SalariosPagar,22032.399999999994,22032.4,-7.275957614183426e-12
2025-11-01,2103,TributosVendaPagar,155075.2512,155075.2512,0.0
2025-11-01,2104,IRPagar,39778.945591999975,39778.945591999975,0.0
2025-11-01,2201,Divida,736000.0,736000.0,0.0
2025-11-01,3101,Capital,3900000,3900000.0,0.0
2025-11-01,3102,LucrosAcumulados,1174527.4898989997,1174527.4898990002,-4.656612873077393e-10
2025-12-01,1101,CaixaFinal,1000255.5938990044,1000255.5938990002,4.190951585769653e-09
2025-12-01,1102,Clientes,2655694.392,2655694.392,0.0
2025-12-01,1103,Estoque,2013974.1439999987,2013974.1439999999,-1.1641532182693481e-09
2025-12-01,1201,ImobilizadoBruto,2508000.0,2508000.0,0.0
2025-12-01,1202,DepAcumulada,770160.0,770160.0,0.0
2025-12-01,2101,Fornecedores,1355559.5199999998,1355559.5199999998,0.0
2025-12-01,2102,SalariosPagar,22032.399999999994,22032.4,-7.275957614183426e-12
2025-12-01,2103,TributosVendaPagar,144085.5468,144085.5468,0.0
2025-12-01,2104,IRPagar,31810.11888800001,31810.118888000008,3.637978807091713e-12
2025-12-01,2201,Divida,718000.0,718000.0,0.0
2025-12-01,3101,Capital,3900000,3900000.0,0.0
2025-12-01,3102,LucrosAcumulados,1236276.5442109997,1236276.5442110002,-4.656612873077393e-10
