Data,Cenario,ReceitaBruta,Deducoes,ReceitaLiquida,CMV,LucroBruto,Pessoal,Comercial,Administrativo,Tecnologia,Logistica,Opex,EBITDA,Depreciacao,EBIT,Juros,LAIR,IRSimulado,LucroLiquido,Clientes,Estoque,Compras,Fornecedores,SalariosPagar,TributosVendaPagar,IRPagar,Capex,ImobilizadoBruto,DepAcumulada,Captacao,Amortizacao,Divida,Dividendos,Capital,LucrosAcumulados,Recebimentos,PagFornecedores,PagOpex,PagTributosVenda,PagIR,FCO_Direto,FCO_Indireto,FCI,FCF,VariacaoCaixa,CaixaInicial,CaixaFinal,Ativo,Passivo,PL,CheckBP,CheckDFC,DSO,DIO,DPO,TaxaVenda,TaxaIR,TaxaJuros,TaxaDep,MargemEBITDA,MargemLiquida,FC_Livre,NCG,DividaLiquida,CheckDiario,AtivoCirculante,AtivoNaoCirculante,DividaCP,DividaLP,PassivoCirculante,PassivoNaoCirculante,LiquidezCorrente
2024-01-01,Realizado,930104.38,79058.8723,851045.5077,615320.0,235725.50769999996,95000.0,33483.76,32000.0,18000.0,20462.3,198946.06,36779.44769999996,15000.0,21779.44769999996,9600.0,12179.44769999996,4141.012217999987,8038.4354819999735,1240139.1733333333,943490.6666666666,858810.6666666665,717873.3333333334,19000.0,79058.8723,4141.012217999987,18000.0,1518000.0,315000.0,0.0,18000.0,782000.0,0.0,3900000.0,388038.435482,589965.2066666665,690937.3333333331,219946.06,79999.99999999999,50000.0,-460518.1866666666,-460518.1866666666,-18000.0,-18000.0,-496518.1866666666,3000000.0,2503481.8133333335,5890111.653333333,1602073.2178513333,4288038.435482,0.0,0.0,40.0,46.0,35.0,0.085,0.34,0.012,0.01,0.043216781437926344,0.00944536503544248,-478518.1866666666,1363556.6221486665,-1721481.8133333335,4.656612873077393e-10,4687111.653333333,1203000.0,216000.0,566000.0,1036073.2178513333,566000.0,4.523919325946604
2024-02-01,Realizado,973056.48,82709.8008,890346.6792,643110.0,247236.6792,95000.0,35030.03,32000.0,18000.0,21407.24,201437.27,45799.409200000024,15180.0,30619.409200000024,9384.0,21235.409200000024,7220.0391280000085,14015.370072000016,1297408.6400000001,986102.0,685721.3333333334,750295.0,19000.0,82709.8008,7220.0391280000085,18000.0,1536000.0,330180.0,0.0,18000.0,764000.0,0.0,3900000.0,402053.805554,915787.0133333332,653299.6666666667,201437.27,79058.87230000002,4141.012217999988,-31533.80785133355,-31533.8078513335,-18000.0,-18000.0,-67533.80785133349,2503481.8133333335,2435948.005482,5925278.645482,1623224.839928,4302053.805554,0.0,-5.093170329928398e-11,40.0,46.0,35.0,0.085,0.34,0.012,0.01,0.05143997306886347,0.01574147508989779,-49533.8078513335,1424285.8000720001,-1671948.0054819998,9.313225746154785e-10,4719458.645482,1205820.0,216000.0,548000.0,1075224.839928,548000.0,4.3892760567157545
2024-03-01,Realizado,1139151.54,96827.8809,1042323.6591,752830.0,289493.65910000005,95000.0,41009.46,32000.0,18000.0,25061.33,211070.79,78422.86910000004,15360.0,63062.86910000004,9168.0,53894.86910000004,18324.255494000015,35570.61360600003,1518868.72,1154339.3333333333,921067.3333333333,878301.6666666666,19000.0,96827.8809,18324.255494000015,90000.0,1626000.0,345540.0,0.0,18000.0,746000.0,0.0,3900000.0,437624.41916000005,917691.4600000002,793060.6666666666,211070.79,82709.80080000001,7220.039128000008,-185537.83659466644,-185537.8365946664,-90000.0,-18000.0,-293537.8365946664,2435948.005482,2142410.1688873335,6096078.222220667,1758453.8030606667,4337624.41916,0.0,-2.9103830456733704e-11,40.0,46.0,35.0,0.085,0.34,0.012,0.01,0.07523850045552519,0.03412626519167152,-275537.8365946664,1660754.2502726668,-1396410.1688873335,1.3969838619232178e-09,4815618.222220667,1280460.0,216000.0,530000.0,1228453.8030606667,530000.0,3.9200645642698615
2024-04-01,Realizado,1139818.88,96884.6048,1042934.2751999999,753940.0,288994.2751999999,95000.0,41033.48,32000.0,18000.0,25076.02,211109.5,77884.77519999992,16260.0,61624.77519999992,8952.0,52672.77519999992,17908.743567999973,34764.03163199994,1519758.5066666666,1156041.3333333333,755642.0,879596.6666666666,19000.0,96884.6048,17908.743567999973,18000.0,1644000.0,361800.0,0.0,18000.0,728000.0,0.0,3900000.0,472388.450792,1138929.093333333,754346.9999999999,211109.5,96827.88090000002,18324.255494000015,49368.45693933312,49368.45693933327,-18000.0,-18000.0,13368.456939333271,2142410.1688873335,2155778.6258266666,6113778.465826666,1741390.0150346665,4372388.450792,0.0,-1.5279510989785194e-10,40.0,46.0,35.0,0.085,0.34,0.012,0.01,0.07467850760304548,0.03333290741195878,31368.45693933327,1662409.8249653333,-1427778.6258266666,9.313225746154785e-10,4831578.465826666,1282200.0,216000.0,512000.0,1229390.0150346665,512000.0,3.930061580734755
2024-05-01,Realizado,1186040.08,100813.40680000001,1085226.6732,785220.0,300006.6732000001,95000.0,42697.44,32000.0,18000.0,26092.88,213790.32,86216.35320000007,16440.0,69776.35320000007,8736.0,61040.35320000007,20753.720088000024,40286.63311200005,1581386.7733333334,1204004.0,833182.6666666667,916090.0,19000.0,100813.40680000001,20753.720088000024,18000.0,1662000.0,378240.0,0.0,18000.0,710000.0,0.0,3900000.0,512675.08390400006,1124411.8133333335,796689.3333333335,213790.32,96884.60480000002,17908.74356799997,-9597.18836800001,-9597.188368000097,-18000.0,-18000.0,-45597.1883680001,2155778.6258266666,2110181.4374586665,6179332.2107919995,1766657.126888,4412675.083904,0.0,8.731149137020111e-11,40.0,46.0,35.0,0.085,0.34,0.012,0.01,0.07944547929860085,0.0371227819098909,-27597.188368000097,1728733.6464453335,-1400181.4374586665,1.3969838619232178e-09,4895572.2107919995,1283760.0,216000.0,494000.0,1272657.126888,494000.0,3.8467330338714505
2024-06-01,Realizado,1228190.6,104396.20100000002,1123794.399,812940.0,310854.399,95000.0,44214.86,32000.0,18000.0,27020.19,216235.05,94619.34899999999,16620.0,77999.34899999999,8520.0,69479.34899999999,23622.978659999997,45856.370339999994,1637587.4666666666,1246508.0,855444.0,948430.0,19000.0,104396.20100000002,23622.978659999997,90000.0,1752000.0,394860.0,0.0,18000.0,692000.0,0.0,3900000.0,558531.454244,1171989.906666667,823104.0,216235.05,100813.40680000001,20753.720088000027,2563.7297786669405,2563.7297786668496,-90000.0,-18000.0,-105436.27022133315,2110181.4374586665,2004745.1672373333,6245980.633904,1787449.17966,4458531.454244,0.0,9.094947017729282e-11,40.0,46.0,35.0,0.085,0.34,0.012,0.01,0.08419631658975726,0.0408049465105049,-87436.27022133315,1788646.2870066667,-1312745.1672373333,1.6298145055770874e-09,4888840.633904,1357140.0,216000.0,476000.0,1311449.17966,476000.0,3.7278155415610215
2024-07-01,Realizado,1083854.96,92127.6716,991727.2884,718240.0,273487.28839999996,98800.0,39018.78,32000.0,18000.0,23844.81,211663.59,61823.698399999965,17520.0,44303.698399999965,8304.0,35999.698399999965,12239.89745599999,23759.800943999973,1445139.9466666665,1101301.3333333333,573033.3333333333,837946.6666666666,19760.0,92127.6716,12239.89745599999,18000.0,1770000.0,412380.0,0.0,18000.0,674000.0,0.0,3900000.0,582291.255188,1276302.4800000002,683516.6666666666,210903.59,104396.201,23622.978659999993,245559.04367333362,245559.04367333333,-18000.0,-18000.0,209559.04367333333,2004745.1672373333,2214304.2109106667,6118365.490910666,1636074.2357226666,4482291.255188,-9.313225746154785e-10,2.9103830456733704e-10,40.0,46.0,35.0,0.085,0.34,0.012,0.01,0.06233941439661606,0.023957998556571707,227559.04367333333,1584367.0442773332,-1540304.2109106667,1.862645149230957e-09,4760745.490910666,1357620.0,216000.0,458000.0,1178074.2357226666,458000.0,4.0411252080309525
2024-08-01,Realizado,1173442.34,99742.59890000001,1073699.7411,776350.0,297349.7411,98800.0,42243.92,32000.0,18000.0,25815.73,216859.65,80490.09109999999,17700.0,62790.09109999999,8088.0,54702.09109999999,18598.710973999998,36103.38012599999,1564589.7866666666,1190403.3333333333,865452.0,905741.6666666666,19760.0,99742.59890000001,18598.710973999998,18000.0,1788000.0,430080.0,0.0,18000.0,656000.0,0.0,3900000.0,618394.6353140001,1053992.5,797656.9999999999,216859.65,92127.6716,12239.897455999988,-72979.71905599987,-72979.71905600009,-18000.0,-18000.0,-108979.71905600009,2214304.2109106667,2105324.4918546667,6218237.611854667,1699842.9765406665,4518394.635314,9.313225746154785e-10,2.1827872842550278e-10,40.0,46.0,35.0,0.085,0.34,0.012,0.01,0.07496517696608393,0.0336252107959086,-90979.71905600009,1711150.1434593336,-1449324.4918546667,1.862645149230957e-09,4860317.611854667,1357920.0,216000.0,440000.0,1259842.9765406665,440000.0,3.857875705431438
2024-09-01,Realizado,1218986.26,103613.83210000001,1115372.4279,805520.0,309852.4279,98800.0,43883.51,32000.0,18000.0,26817.7,219501.21,90351.21790000002,17880.0,72471.21790000002,7872.0,64599.21790000002,21963.734086000008,42635.48381400001,1625315.0133333332,1235130.6666666667,850247.3333333335,939773.3333333334,19760.0,103613.83210000001,21963.734086000008,90000.0,1878000.0,447960.0,0.0,18000.0,638000.0,0.0,3900000.0,661030.1191280001,1158261.0333333337,816215.6666666666,219501.21,99742.59890000003,18598.710973999998,-3669.153207332969,-3669.153207333293,-90000.0,-18000.0,-111669.1532073333,2105324.4918546667,1993655.3386473334,6284141.018647334,1723110.8995193334,4561030.119128,0.0,3.2378011383116245e-10,40.0,46.0,35.0,0.085,0.34,0.012,0.01,0.08100542530902562,0.0382253342000512,-93669.1532073333,1775334.7804806663,-1355655.3386473334,2.3283064365386963e-09,4854101.018647334,1430040.0,216000.0,422000.0,1301110.8995193334,422000.0,3.730735804642459
2024-10-01,Realizado,1336476.66,113600.51610000001,1222876.1439,885430.0,337446.1439,98800.0,48113.16,32000.0,18000.0,29402.49,226315.65,111130.49390000003,18780.0,92350.49390000003,7656.0,84694.49390000003,28796.127926000012,55898.365974000015,1781968.88,1357659.3333333333,1007958.6666666663,1033001.6666666666,19760.0,113600.51610000001,28796.127926000012,18000.0,1896000.0,466740.0,0.0,18000.0,620000.0,0.0,3900000.0,716928.4851020002,1179822.793333333,914730.3333333329,226315.65,103613.8321,21963.734086000008,-94456.75618599993,-94456.75618599994,-18000.0,-18000.0,-130456.75618599994,1993655.3386473334,1863198.5824613336,6432086.795794667,1815158.3106926666,4616928.485102,0.0,1.4551915228366852e-11,40.0,46.0,35.0,0.085,0.34,0.012,0.01,0.09087632828095113,0.04571057032458642,-112456.75618599994,1944469.9026406663,-1243198.5824613336,2.3283064365386963e-09,5002826.795794667,1429260.0,216000.0,404000.0,1411158.3106926666,404000.0,3.5451917463030997
2024-11-01,Realizado,1504412.32,127875.04720000002,1376537.2728000002,996280.0,380257.27280000015,98800.0,54158.84,32000.0,18000.0,33097.07,236055.91,144201.36280000015,18960.0,125241.36280000015,7440.0,117801.36280000015,40052.46335200005,77748.8994480001,2005883.0933333335,1527629.3333333333,1166249.9999999998,1162326.6666666667,19760.0,127875.04720000002,40052.46335200005,18000.0,1914000.0,485700.0,0.0,18000.0,602000.0,0.0,3900000.0,794677.3845500003,1280498.1066666667,1036924.9999999998,236055.91,113600.51610000002,28796.127926000016,-142319.4473593331,-142319.4473593333,-18000.0,-18000.0,-178319.4473593333,1863198.5824613336,1684879.1351020003,6646691.561768667,1952014.1772186668,4694677.384550001,-9.313225746154785e-10,2.0372681319713593e-10,40.0,46.0,35.0,0.085,0.34,0.012,0.01,0.10475659878550303,0.056481506882739084,-160319.4473593333,2183498.249448,-1082879.1351020003,2.3283064365386963e-09,5218391.561768667,1428300.0,216000.0,386000.0,1566014.1772186668,386000.0,3.3322760660039727
2024-12-01,Realizado,1381719.58,117446.16430000002,1264273.4157,915130.0,349143.4157,98800.0,49741.9,32000.0,18000.0,30397.83,228939.73,120203.6857,19140.0,101063.6857,7224.0,93839.6857,31905.493138,61934.192562,1842292.7733333334,1403199.3333333333,790699.9999999998,1067651.6666666667,19760.0,117446.16430000002,31905.493138,90000.0,2004000.0,504840.0,0.0,18000.0,584000.0,0.0,3900000.0,856611.5771120003,1545309.9000000004,885374.9999999998,228939.73,127875.04720000002,40052.46335200005,255843.65944800054,255843.65944800002,-90000.0,-18000.0,147843.65944800002,1684879.1351020003,1832722.7945500002,6577374.901216667,1820763.3241046667,4756611.577112,0.0,5.238689482212067e-10,40.0,46.0,35.0,0.085,0.34,0.012,0.01,0.09507728645345746,0.04898797348175546,165843.65944800002,2008728.7825619995,-1248722.7945500002,2.561137080192566e-09,5078214.901216667,1499160.0,216000.0,368000.0,1452763.3241046667,368000.0,3.4955555505549083
2025-01-01,Realizado,1151091.49,97842.77665,1053248.71335,786981.58,266267.13335000013,105925.0,41439.29,33920.0,20160.0,25324.01,226768.3,39498.833350000146,20040.0,19458.833350000146,7008.0,12450.833350000146,4233.28333900005,8217.550011000098,1803376.6676666667,1364101.4053333332,747883.652,918145.1766666665,21185.0,97842.77665,4233.28333900005,18000.0,2022000.0,524880.0,0.0,18000.0,566000.0,0.0,3900000.0,864829.1271230004,1190007.595666667,897390.1420000002,225343.3,117446.16430000002,31905.493138,-89085.50377133326,-89085.50377133326,-18000.0,-18000.0,-125085.50377133326,1832722.7945500002,1707637.290778667,6372235.3637786675,1607406.2366556665,4764829.127123,9.313225746154785e-10,0.0,47.0,52.0,35.0,0.085,0.34,0.012,0.01,0.03750190515245802,0.0078020983143317285,-107085.50377133326,2126071.8363443334,-1141637.290778667,2.561137080192566e-09,4875115.3637786675,1497120.0,216000.0,350000.0,1257406.2366556665,350000.0,3.8771203940780916
2025-02-01,Realizado,1176731.76,100022.1996,1076709.5604,805807.26,270902.30040000007,105925.0,42362.34,33920.0,20160.0,25888.1,228255.44,42646.86040000006,20220.0,22426.860400000063,6792.0,15634.860400000063,5315.852536000022,10319.007864000041,1843546.4239999999,1396732.584,838438.4386666669,940108.4700000001,21185.0,100022.1996,5315.852536000022,18000.0,2040000.0,545100.0,0.0,18000.0,548000.0,0.0,3900000.0,875148.1349870005,1136562.003666667,816475.1453333333,228255.44,97842.77665,4233.283339000051,-17036.64165566631,-17036.641655666466,-18000.0,-18000.0,-53036.64165566646,1707637.290778667,1654600.6491230004,6389779.657123,1614631.5221360002,4775148.134987,0.0,1.5643308870494366e-10,47.0,52.0,35.0,0.085,0.34,0.012,0.01,0.039608509080347215,0.009583836016247972,-35036.64165566646,2173647.485864,-1106600.6491230004,2.561137080192566e-09,4894879.657123,1494900.0,216000.0,332000.0,1282631.5221360002,332000.0,3.8162789333069154
2025-03-01,Realizado,1389953.08,118146.01180000002,1271807.0682,952291.92,319515.14820000005,105925.0,50038.31,33920.0,20160.0,30578.97,240622.28,78892.86820000006,20400.0,58492.868200000055,6576.0,51916.868200000055,17651.73518800002,34265.133012000035,2177593.158666667,1650639.3280000002,1206198.664,1111007.24,21185.0,118146.01180000002,17651.73518800002,90000.0,2130000.0,565500.0,0.0,18000.0,530000.0,0.0,3900000.0,909413.2679990005,1055906.3453333327,1035299.8940000001,240622.28,100022.1996,5315.85253600002,-331929.88080266747,-331929.88080266747,-90000.0,-18000.0,-439929.88080266747,1654600.6491230004,1214670.768320333,6607403.254987,1797989.986988,4809413.267999001,-1.862645149230957e-09,0.0,47.0,52.0,35.0,0.085,0.34,0.012,0.01,0.06203210390366665,0.026942084116968922,-421929.88080266747,2560242.499678667,-684670.768320333,2.561137080192566e-09,5042903.254987,1564500.0,216000.0,314000.0,1483989.986988,314000.0,3.3982057151358513
2025-04-01,Realizado,1384297.22,117665.26370000001,1266631.9563,950090.68,316541.2762999999,105925.0,49834.7,33920.0,48160.0,30454.54,268294.24,48247.03629999992,21300.0,26947.03629999992,6360.0,20587.03629999992,6999.5923419999735,13587.443957999945,2168732.311333333,1646823.8453333334,946275.1973333331,1108439.1266666667,21185.0,117665.26370000001,6999.5923419999735,18000.0,2148000.0,586800.0,350000.0,18000.0,862000.0,0.0,3900000.0,923000.7119570004,1393158.0673333341,948843.3106666664,268294.24,118146.01180000004,17651.73518800002,33862.76967866771,33862.76967866738,-18000.0,332000.0,347862.76967866736,1214670.768320333,1562533.5379990004,6939289.694665667,2116288.9827086665,4823000.711957,0.0,3.346940502524376e-10,47.0,52.0,35.0,0.085,0.34,0.012,0.01,0.038090809299440004,0.010727223397782155,15862.769678667377,2561267.1739579993,-700533.5379990004,3.259629011154175e-09,5378089.694665667,1561200.0,216000.0,646000.0,1470288.9827086665,646000.0,3.657845333750501
2025-05-01,Realizado,1449678.53,123222.67505,1326455.85495,991818.4,334637.45495000004,105925.0,52188.43,33920.0,48160.0,31892.93,272086.36,62551.09495000006,21480.0,41071.09495000006,10344.0,30727.094950000057,10447.21228300002,20279.882667000034,2271163.030333333,1719151.8933333335,1064146.448,1157121.4666666666,21185.0,123222.67505,10447.21228300002,18000.0,2166000.0,608280.0,0.0,18000.0,844000.0,0.0,3900000.0,943280.5946240005,1347247.8110000002,1015464.1080000002,272086.36,117665.26370000002,6999.592341999973,-75311.513042,-75311.5130420003,-18000.0,-18000.0,-111311.5130420003,1562533.5379990004,1451222.024957,6999256.948623667,2155976.3539996664,4843280.594624001,-9.313225746154785e-10,2.9103830456733704e-10,47.0,52.0,35.0,0.085,0.34,0.012,0.01,0.04715655987839707,0.015288773155413056,-93311.5130420003,2678338.5696670003,-607222.024957,3.725290298461914e-09,5441536.948623667,1557720.0,216000.0,628000.0,1527976.3539996664,628000.0,3.561270391639094
2025-06-01,Realizado,1471160.97,125048.68245000001,1346112.28755,1007209.94,338902.34755000006,105925.0,52961.79,33920.0,20160.0,32365.54,245332.33000000002,93570.01755000005,21660.0,71910.01755000005,10128.0,61782.01755000005,21005.885967000017,40776.13158300003,2304818.853,1745830.5626666665,1033888.6093333326,1175078.2633333332,21185.0,125048.68245000001,21005.885967000017,90000.0,2256000.0,629940.0,0.0,18000.0,826000.0,0.0,3900000.0,984056.7262070006,1437505.1473333333,1015931.8126666662,245332.33000000002,123222.67505,10447.212283000023,32443.117333666996,32443.117333666807,-90000.0,-18000.0,-75556.8826663332,1451222.024957,1375665.142290667,7052374.5579573335,2168317.8317503333,4884056.726207,0.0,1.8917489796876907e-10,47.0,52.0,35.0,0.085,0.34,0.012,0.01,0.06951130185454495,0.03029177577541832,-57556.88266633319,2708331.5839163335,-549665.1422906669,3.958120942115784e-09,5426314.5579573335,1626060.0,216000.0,610000.0,1558317.8317503333,610000.0,3.482161628005238
2025-07-01,Realizado,1207312.48,102621.5608,1104690.9192,820084.68,284606.23919999984,110162.0,43463.25,33920.0,20160.0,26560.87,234266.12,50340.11919999984,22560.0,27780.11919999984,9912.0,17868.11919999984,6075.160527999947,11792.958671999895,2414624.96,1694841.672,769095.7893333335,956765.4600000001,22032.4,102621.5608,6075.160527999947,18000.0,2274000.0,652500.0,0.0,18000.0,808000.0,0.0,3900000.0,995849.6848790004,1097506.3730000001,987408.5926666666,233418.72,125048.68245,21005.885967000017,-279287.5080836665,-279287.5080836667,-18000.0,-18000.0,-315287.5080836667,1375665.142290667,1060377.6342070003,6791344.266207,1895494.581328,4895849.684879,0.0,1.7462298274040222e-10,60.0,62.0,35.0,0.085,0.34,0.012,0.01,0.04556941523195952,0.010675346802470481,-297287.5080836667,3021972.0506720003,-252377.63420700026,4.190951585769653e-09,5169844.266207,1621500.0,216000.0,592000.0,1303494.581328,592000.0,3.966141739492284
2025-08-01,Realizado,1298644.84,110384.81140000002,1188260.0286,883132.1,305127.9286000001,110162.0,46751.21,33920.0,20160.0,28570.19,239563.4,65564.5286000001,22740.0,42824.52860000011,9696.0,33128.52860000011,11263.699724000036,21864.828876000072,2597289.68,1825139.673333333,1013430.101333333,1030320.7833333333,22032.4,110384.81140000002,11263.699724000036,18000.0,2292000.0,675240.0,0.0,18000.0,790000.0,0.0,3900000.0,1017714.5137550004,1115980.1199999996,939874.7779999998,239563.4,102621.56080000002,6075.160527999948,-181850.77932800012,-181850.77932799986,-18000.0,-18000.0,-217850.77932799986,1060377.6342070003,842526.8548790005,6881716.208212334,1964001.6944573333,4917714.513755,0.0,-2.6193447411060333e-10,60.0,62.0,35.0,0.085,0.34,0.012,0.01,0.05517692005280005,0.01840071057659077,-199850.77932799986,3248427.6588760004,-52526.85487900046,3.958120942115784e-09,5264956.208212334,1616760.0,216000.0,574000.0,1390001.6944573333,574000.0,3.787733661913132
2025-09-01,Realizado,1385311.35,117751.46475000001,1267559.88525,941100.92,326458.96525,110162.0,49871.21,33920.0,20160.0,30476.85,244590.06,81868.90525000001,22920.0,58948.90525000001,9480.0,49468.90525000001,16819.427785000003,32649.477465000007,2770622.7,1944941.9013333332,1060903.1480000003,1097951.0733333335,22032.4,117751.46475000001,16819.427785000003,90000.0,2382000.0,698160.0,0.0,18000.0,772000.0,0.0,3900000.0,1050363.9912200004,1211978.33,993272.8580000002,244590.06000000003,110384.81140000004,11263.699724000038,-157013.09912400026,-157013.099124,-90000.0,-18000.0,-265013.099124,842526.8548790005,577513.7557550005,6976918.357088334,2026554.3658683335,4950363.99122,0.0,-2.6193447411060333e-10,60.0,62.0,35.0,0.085,0.34,0.012,0.01,0.06458780070485826,0.025757739610512028,-247013.099124,3461010.2354650004,194486.24424499949,3.6088749766349792e-09,5293078.357088334,1683840.0,216000.0,556000.0,1470554.3658683335,556000.0,3.5993761808070763
2025-10-01,Realizado,1555988.89,132259.05565,1423729.83435,1065026.86,358702.9743499998,110162.0,56015.6,33920.0,20160.0,34231.76,254489.36,104213.61434999981,23820.0,80393.61434999981,9264.0,71129.61434999981,24184.06887899994,46945.545470999874,2437715.9276666665,1846046.5573333337,966131.5160000005,1242531.3366666667,22032.4,132259.05565,24184.06887899994,18000.0,2400000.0,721980.0,0.0,18000.0,754000.0,0.0,3900000.0,1097309.5366910002,1888895.6623333334,821551.2526666673,254489.36000000002,117751.46475000001,16819.427785000007,669020.1571316661,669020.1571316663,-18000.0,-18000.0,633020.1571316663,577513.7557550005,1210533.9128866668,7172316.3978866665,2175006.8611956667,4997309.536691001,-9.313225746154785e-10,-2.3283064365386963e-10,47.0,52.0,35.0,0.085,0.34,0.012,0.01,0.07319760521670761,0.03297363329639906,651020.1571316663,2862755.6238043336,-456533.91288666683,3.259629011154175e-09,5494296.3978866665,1678020.0,216000.0,538000.0,1637006.8611956667,538000.0,3.356306273434702
2025-11-01,Realizado,1824414.72,155075.2512,1669339.4688,1249236.52,420102.9487999999,110162.0,65678.93,33920.0,20160.0,40137.12,270058.05,150044.8987999999,24000.0,126044.89879999991,9048.0,116996.89879999991,39778.945591999975,77217.95320799993,2858249.728,2165343.3013333334,1568533.2639999997,1457442.6066666667,22032.4,155075.2512,39778.945591999975,18000.0,2418000.0,745980.0,0.0,18000.0,736000.0,0.0,3900000.0,1174527.4898990002,1403880.9196666665,1353621.9939999997,270058.05,132259.05565,24184.06887899994,-385290.24886233313,-385290.24886233336,-18000.0,-18000.0,-421290.24886233336,1210533.9128866668,789243.6640243335,7484856.693357667,2410329.203458667,5074527.489899,0.0,2.3283064365386963e-10,47.0,52.0,35.0,0.085,0.34,0.012,0.01,0.08988279592278452,0.04625659109558336,-403290.24886233336,3349263.825874667,-53243.66402433347,3.4924596548080444e-09,5812836.693357667,1672020.0,216000.0,520000.0,1890329.2034586668,520000.0,3.0750393543739
2025-12-01,Realizado,1695124.08,144085.5468,1551038.5332,1161908.16,389130.37320000003,110162.0,61024.47,33920.0,20160.0,37292.73,262559.2,126571.17320000002,24180.0,102391.17320000002,8832.0,93559.17320000002,31810.118888000008,61749.05431200001,2655694.392,2013974.1439999999,1010539.0026666662,1355559.5199999998,22032.4,144085.5468,31810.118888000008,90000.0,2508000.0,770160.0,0.0,18000.0,718000.0,0.0,3900000.0,1236276.5442110002,1897679.4160000002,1112422.0893333328,262559.2,155075.2512,39778.945591999975,319011.9298746674,319011.9298746668,-90000.0,-18000.0,211011.9298746668,789243.6640243335,1000255.5938990002,7407764.129899001,2271487.5856879996,5136276.544211,9.313225746154785e-10,5.820766091346741e-10,47.0,52.0,35.0,0.085,0.34,0.012,0.01,0.08160414489436749,0.03981142504861143,229011.9298746668,3116180.9503120007,-282255.5938990002,4.190951585769653e-09,5669924.129899001,1737840.0,216000.0,502000.0,1769487.5856879996,502000.0,3.204274602296495
2024-01-01,Orçamento,888000.0,75480.0,812520.0,578088.0,234432.0,95000.0,30192.000000000004,33000.0,19000.0,18648.0,195840.0,38592.0,15000.0,23592.0,9600.0,13992.0,4757.280000000001,9234.72,1184000.0,867132.0,745220.0,693705.6,19000.0,75480.0,4757.280000000001,18000.0,1518000.0,315000.0,0.0,18000.0,782000.0,0.0,3900000.0,389234.72,604000.0,601514.4,216840.0,80000.0,50000.0,-353954.4,-353954.4,-18000.0,-18000.0,-389954.4,3000000.0,2610045.6,5864177.6,1574942.88,4289234.72,0.0,0.0,40.0,45.0,36.0,0.085,0.34,0.012,0.01,0.04749667700487373,0.011365529463890118,-371954.4,1258189.1199999999,-1828045.6,0,4661177.6,1203000.0,216000.0,566000.0,1008942.8799999999,566000.0,4.619862722060143
2024-02-01,Orçamento,921300.0,78310.5,842989.5,599766.3,243223.19999999995,95000.0,31324.2,33000.0,19000.0,19347.300000000003,197671.5,45551.69999999995,15180.0,30371.699999999953,9384.0,20987.699999999953,7135.817999999985,13851.881999999969,1228400.0,899649.4500000001,632283.75,719719.56,19000.0,78310.5,7135.817999999985,18000.0,1536000.0,330180.0,0.0,18000.0,764000.0,0.0,3900000.0,403086.60199999996,876900.0,606269.79,197671.5,75480.0,4757.280000000001,-16662.570000000036,-16662.570000000036,-18000.0,-18000.0,-52662.570000000036,2610045.6,2557383.0300000003,5891252.48,1588165.878,4303086.602,0.0,0.0,40.0,45.0,36.0,0.085,0.34,0.012,0.01,0.054035904361798046,0.01643185591279603,-34662.570000000036,1303883.5720000002,-1793383.0300000003,0,4685432.48,1205820.0,216000.0,548000.0,1040165.878,548000.0,4.5045050785640175
2024-03-01,Orçamento,1098900.0,93406.5,1005493.5,715383.9,290109.6,95000.0,37362.600000000006,33000.0,19000.0,23076.9,207439.5,82670.09999999998,15360.0,67310.09999999998,9168.0,58142.09999999998,19768.313999999995,38373.78599999998,1465200.0,1073075.85,888810.2999999999,858460.68,19000.0,93406.5,19768.313999999995,90000.0,1626000.0,345540.0,0.0,18000.0,746000.0,0.0,3900000.0,441460.3879999999,862100.0,750069.1799999998,207439.5,78310.5,7135.817999999985,-190022.9979999998,-190022.99800000005,-90000.0,-18000.0,-298022.998,2557383.0300000003,2259360.032,6078095.882,1736635.494,4341460.388,0.0,2.6193447411060333e-10,40.0,45.0,36.0,0.085,0.34,0.012,0.01,0.08221843303810515,0.038164131344459194,-280022.998,1547640.356,-1513360.0320000001,0,4797635.882,1280460.0,216000.0,530000.0,1206635.494,530000.0,3.9760440546099174
2024-04-01,Orçamento,1076700.0,91519.5,985180.5,700931.7000000001,284248.79999999993,95000.0,36607.8,33000.0,19000.0,22610.7,206218.5,78030.29999999993,16260.0,61770.29999999993,8952.0,52818.29999999993,17958.221999999976,34860.07799999995,1435600.0,1051397.55,679253.3999999999,841118.0400000002,19000.0,91519.5,17958.221999999976,18000.0,1644000.0,361800.0,0.0,18000.0,728000.0,0.0,3900000.0,476320.4659999999,1106300.0,696596.0399999999,206218.5,93406.5,19768.313999999995,81358.64600000008,81358.64600000008,-18000.0,-18000.0,45358.64600000008,2259360.032,2304718.6780000003,6073916.228,1697595.762,4376320.466,0.0,0.0,40.0,45.0,36.0,0.085,0.34,0.012,0.01,0.07920406463587122,0.03538445797495987,63358.64600000008,1517401.7879999997,-1576718.6780000003,0,4791716.228,1282200.0,216000.0,512000.0,1185595.762,512000.0,4.041610455756673
2024-05-01,Orçamento,1143300.0,97180.5,1046119.5,744288.3,301831.19999999995,95000.0,38872.200000000004,33000.0,19000.0,24009.300000000003,209881.5,91949.69999999995,16440.0,75509.69999999995,8736.0,66773.69999999995,22703.057999999986,44070.64199999996,1524400.0,1116432.4500000002,809323.2000000002,893145.9600000001,19000.0,97180.5,22703.057999999986,18000.0,1662000.0,378240.0,0.0,18000.0,710000.0,0.0,3900000.0,520391.1079999999,1054500.0,757295.2800000001,209881.5,91519.5,17958.221999999976,-30890.50200000012,-30890.50200000024,-18000.0,-18000.0,-66890.50200000024,2304718.6780000003,2237828.176,6162420.626,1742029.5180000002,4420391.108,0.0,1.2005330063402653e-10,40.0,45.0,36.0,0.085,0.34,0.012,0.01,0.08789598129085631,0.0421277320612033,-48890.50200000024,1608802.9320000003,-1527828.176,0,4878660.626,1283760.0,216000.0,494000.0,1248029.5180000002,494000.0,3.909090735143974
2024-06-01,Orçamento,1154400.0,98124.0,1056276.0,751514.4,304761.6,95000.0,39249.600000000006,33000.0,19000.0,24242.4,210492.0,94269.59999999998,16620.0,77649.59999999998,8520.0,69129.59999999998,23504.063999999995,45625.53599999998,1539200.0,1127271.6,762353.5499999998,901817.28,19000.0,98124.0,23504.063999999995,90000.0,1752000.0,394860.0,0.0,18000.0,692000.0,0.0,3900000.0,566016.6439999999,1139600.0,753682.2299999997,210492.0,97180.5,22703.057999999986,47022.21200000026,47022.21200000003,-90000.0,-18000.0,-60977.78799999997,2237828.176,2176850.388,6200461.988,1734445.344,4466016.643999999,0.0,2.3283064365386963e-10,40.0,45.0,36.0,0.085,0.34,0.012,0.01,0.08924712859139086,0.04319471047339898,-42977.78799999997,1624026.256,-1484850.3879999998,0,4843321.988,1357140.0,216000.0,476000.0,1258445.344,476000.0,3.848655017948876
2024-07-01,Orçamento,1043399.9999999998,88688.99999999999,954710.9999999998,679253.3999999999,275457.59999999986,95000.0,35475.59999999999,33000.0,19000.0,21911.399999999998,204387.0,71070.59999999986,17520.0,53550.59999999986,8304.0,45246.59999999986,15383.843999999954,29862.755999999907,1391199.9999999998,1018880.0999999999,570861.8999999997,815104.08,19000.0,88688.99999999999,15383.843999999954,18000.0,1770000.0,412380.0,0.0,18000.0,674000.0,0.0,3900000.0,595879.3999999998,1191400.0000000002,657575.0999999997,204387.0,98124.00000000001,23504.064,199505.83600000048,199505.83600000027,-18000.0,-18000.0,163505.83600000027,2176850.388,2340356.224,6108056.323999999,1612176.9239999999,4495879.399999999,0.0,2.0372681319713593e-10,40.0,45.0,36.0,0.085,0.34,0.012,0.01,0.07444200391532084,0.03127936726402012,181505.83600000027,1471903.1759999995,-1666356.224,0,4750436.323999999,1357620.0,216000.0,458000.0,1154176.9239999999,458000.0,4.115864929560834
2024-08-01,Orçamento,1132200.0,96237.0,1035963.0,737062.2000000001,298900.79999999993,95000.0,38494.8,33000.0,19000.0,23776.2,209271.0,89629.79999999993,17700.0,71929.79999999993,8088.0,63841.79999999993,21706.211999999978,42135.58799999995,1509600.0,1105593.3,823775.4000000001,884474.6400000001,19000.0,96237.0,21706.211999999978,18000.0,1788000.0,430080.0,0.0,18000.0,656000.0,0.0,3900000.0,638014.9879999998,1013800.0,754404.8399999999,209271.0,88689.0,15383.843999999954,-62036.683999999805,-62036.68400000024,-18000.0,-18000.0,-98036.68400000024,2340356.224,2242319.5399999996,6215432.84,1677417.8520000002,4538014.988,0.0,4.3655745685100555e-10,40.0,45.0,36.0,0.085,0.34,0.012,0.01,0.08651834090599754,0.040672869590902334,-80036.68400000024,1593775.4479999996,-1586319.5399999996,0,4857512.84,1357920.0,216000.0,440000.0,1237417.8520000002,440000.0,3.9255234859824855
2024-09-01,Orçamento,1176600.0,100011.0,1076589.0,765966.6,310622.4,95000.0,40004.4,33000.0,19000.0,24708.600000000002,211713.0,98909.40000000002,17880.0,81029.40000000002,7872.0,73157.40000000002,24873.51600000001,48283.88400000001,1568800.0,1148949.9,809323.2,919159.9199999999,19000.0,100011.0,24873.51600000001,90000.0,1878000.0,447960.0,0.0,18000.0,638000.0,0.0,3900000.0,686298.8719999997,1117400.0,774637.9200000002,211713.0,96237.0,21706.211999999978,5233.867999999864,5233.867999999988,-90000.0,-18000.0,-102766.13200000001,2242319.5399999996,2139553.4079999994,6287343.307999999,1701044.436,4586298.8719999995,0.0,-1.2369127944111824e-10,40.0,45.0,36.0,0.085,0.34,0.012,0.01,0.09187294315658066,0.04484894792720343,-84766.13200000001,1654705.464,-1501553.4079999994,0,4857303.307999999,1430040.0,216000.0,422000.0,1279044.436,422000.0,3.7976032507442916
2024-10-01,Orçamento,1243200.0000000002,105672.00000000003,1137528.0000000002,809323.2000000002,328204.80000000005,95000.0,42268.80000000001,33000.0,19000.0,26107.200000000008,215376.00000000003,112828.80000000002,18780.0,94048.80000000002,7656.0,86392.80000000002,29373.552000000007,57019.24800000001,1657600.0000000002,1213984.8000000003,874358.1000000006,971187.8400000002,19000.0,105672.00000000003,29373.552000000007,18000.0,1896000.0,466740.0,0.0,18000.0,620000.0,0.0,3900000.0,743318.1199999998,1154399.9999999998,822330.1800000003,215376.00000000003,100011.0,24873.516000000007,-15846.696000000553,-15846.696000000302,-18000.0,-18000.0,-51846.6960000003,2139553.4079999994,2087706.7119999991,6388551.512,1745233.3920000002,4643318.12,0.0,-2.510205376893282e-10,40.0,45.0,36.0,0.085,0.34,0.012,0.01,0.0991877123024664,0.05012557756820051,-33846.6960000003,1746351.4080000005,-1467706.7119999991,0,4959291.512,1429260.0,216000.0,404000.0,1341233.3920000002,404000.0,3.6975604257845673
2024-11-01,Orçamento,1431900.0,121711.50000000001,1310188.5,932166.9,378021.6,95000.0,48684.600000000006,33000.0,19000.0,30069.9,225754.5,152267.09999999998,18960.0,133307.09999999998,7440.0,125867.09999999998,42794.814,83072.28599999998,1909200.0,1398250.35,1116432.4499999997,1118600.28,19000.0,121711.50000000001,42794.814,18000.0,1914000.0,485700.0,0.0,18000.0,602000.0,0.0,3900000.0,826390.4059999997,1180300.0,969020.01,225754.5,105672.00000000004,29373.55200000001,-156960.06200000006,-156960.0619999998,-18000.0,-18000.0,-192960.0619999998,2087706.7119999991,1894746.6499999994,6630497.0,1904106.594,4726390.4059999995,0.0,-2.6193447411060333e-10,40.0,45.0,36.0,0.085,0.34,0.012,0.01,0.11621770455167327,0.06340483525843799,-174960.0619999998,2005343.7560000003,-1292746.6499999994,0,5202197.0,1428300.0,216000.0,386000.0,1518106.594,386000.0,3.426766618734547
2024-12-01,Orçamento,1309800.0,111333.00000000001,1198467.0,852679.8,345787.19999999995,95000.0,44533.200000000004,33000.0,19000.0,27505.800000000003,219039.0,126748.19999999995,19140.0,107608.19999999995,7224.0,100384.19999999995,34130.62799999999,66253.57199999996,1746400.0,1279019.7,733449.1499999999,1023215.76,19000.0,111333.00000000001,34130.62799999999,90000.0,2004000.0,504840.0,0.0,18000.0,584000.0,0.0,3900000.0,892643.9779999997,1472600.0,828833.6699999999,219039.0,121711.50000000001,42794.81399999999,252997.0160000001,252997.01600000003,-90000.0,-18000.0,144997.01600000003,1894746.6499999994,2039743.6659999995,6564323.365999999,1771679.388,4792643.978,-9.313225746154785e-10,5.820766091346741e-11,40.0,45.0,36.0,0.085,0.34,0.012,0.01,0.10575860661995695,0.05528193266898459,162997.01600000003,1837740.3120000002,-1455743.6659999995,0,5065163.365999999,1499160.0,216000.0,368000.0,1403679.388,368000.0,3.608490235948381
2025-01-01,Orçamento,1047840.0,89066.40000000001,958773.6,682143.84,276629.76,102600.0,35626.560000000005,33000.0,19000.0,22004.640000000003,212231.2,64398.56,20040.0,44358.56,7008.0,37350.56,12699.1904,24651.369599999998,1397120.0,1023215.7599999999,426339.8999999999,818572.6079999999,20520.0,89066.40000000001,12699.1904,18000.0,2022000.0,524880.0,0.0,18000.0,566000.0,0.0,3900000.0,917295.3475999996,1397120.0,630983.052,210711.2,111333.00000000001,34130.62799999999,402954.11999999994,402954.11999999994,-18000.0,-18000.0,366954.11999999994,2039743.6659999995,2406697.7859999994,6324153.545999999,1506858.1983999999,4817295.3476,-9.313225746154785e-10,0.0,40.0,45.0,36.0,0.085,0.34,0.012,0.01,0.06716763999342493,0.025711356257619108,384954.11999999994,1479477.5616,-1840697.7859999994,0,4827033.545999999,1497120.0,216000.0,350000.0,1156858.1983999999,350000.0,4.172536921704024
2025-02-01,Orçamento,1087134.0,92406.39,994727.61,707724.234,287003.37599999993,102600.0,36962.556000000004,33000.0,19000.0,22829.814000000002,214392.37,72611.00599999994,20220.0,52391.005999999936,6792.0,45599.005999999936,15503.66203999998,30095.343959999955,1449512.0,1061586.351,746094.8250000001,849269.0808000001,20520.0,92406.39,15503.66203999998,18000.0,2040000.0,545100.0,0.0,18000.0,548000.0,0.0,3900000.0,947390.6915599996,1034742.0,715398.3521999998,214392.37,89066.40000000001,12699.190400000001,-3606.312599999854,-3606.312599999983,-18000.0,-18000.0,-39606.31259999998,2406697.7859999994,2367091.4733999996,6373089.824399999,1525699.13284,4847390.691559999,0.0,1.291482476517558e-10,40.0,45.0,36.0,0.085,0.34,0.012,0.01,0.07299586868811245,0.03025485937803612,-21606.312599999983,1533399.2181599997,-1819091.4733999996,0,4878189.824399999,1494900.0,216000.0,332000.0,1193699.13284,332000.0,4.086615873460517
2025-03-01,Orçamento,1296702.0,110219.67000000001,1186482.33,844153.002,342329.3280000001,102600.0,44087.868,33000.0,19000.0,27230.742000000002,225918.61000000002,116410.71800000008,20400.0,96010.71800000008,6576.0,89434.71800000008,30407.80412000003,59026.91388000005,1728936.0,1266229.5029999998,1048796.1539999999,1012983.6024,20520.0,110219.67000000001,30407.80412000003,90000.0,2130000.0,565500.0,0.0,18000.0,530000.0,0.0,3900000.0,1006417.6054399996,1017278.0,885081.6324,225918.61000000002,92406.38999999998,15503.662039999981,-208208.29443999997,-208208.29443999977,-90000.0,-18000.0,-316208.29443999974,2367091.4733999996,2050883.1789599997,6610548.68196,1704131.0765200001,4906417.60544,0.0,-2.0372681319713593e-10,40.0,45.0,36.0,0.085,0.34,0.012,0.01,0.09811416070562136,0.049749509442757606,-298208.29443999974,1821034.4264799997,-1520883.1789599997,0,5046048.68196,1564500.0,216000.0,314000.0,1390131.0765200001,314000.0,3.6299085512080493
2025-04-01,Orçamento,1270506.0,107993.01000000001,1162512.99,827099.4060000001,335413.5839999999,102600.0,43197.204000000005,33000.0,19000.0,26680.626,224477.83000000002,110935.7539999999,21300.0,89635.7539999999,6360.0,83275.7539999999,28313.756359999967,54961.99763999993,1694008.0,1240649.1090000002,801519.0120000003,992519.2872000001,20520.0,107993.01000000001,28313.756359999967,18000.0,2148000.0,586800.0,350000.0,18000.0,862000.0,0.0,3900000.0,1061379.6030799996,1305434.0,821983.3272000002,224477.83000000002,110219.67000000001,30407.804120000033,111985.36867999977,111985.36867999965,-18000.0,332000.0,425985.36867999966,2050883.1789599997,2476868.5476399995,6972725.65664,2011346.0535600001,4961379.60308,0.0,1.1641532182693481e-10,40.0,45.0,36.0,0.085,0.34,0.012,0.01,0.09542753926560417,0.047278609454505904,93985.36867999965,1785311.05544,-1614868.5476399995,0,5411525.65664,1561200.0,216000.0,646000.0,1365346.0535600001,646000.0,3.9634828419725534
2025-05-01,Orçamento,1349094.0,114672.99,1234421.01,878260.194,356160.816,102600.0,45869.196,33000.0,19000.0,28330.974000000002,228800.17,127360.64599999998,21480.0,105880.64599999998,10344.0,95536.64599999998,32482.459639999994,63054.186359999985,1798792.0,1317390.2910000002,955001.3760000002,1053912.2328,20520.0,114672.99,32482.459639999994,18000.0,2166000.0,608280.0,0.0,18000.0,844000.0,0.0,3900000.0,1124433.7894399995,1244310.0,893608.4304000002,228800.17,107993.01,28313.756359999963,-24749.366760000157,-24749.366760000034,-18000.0,-18000.0,-60749.36676000003,2476868.5476399995,2416119.1808799994,7090021.471879999,2065587.6824400001,5024433.7894399995,-9.313225746154785e-10,-1.2369127944111824e-10,40.0,45.0,36.0,0.085,0.34,0.012,0.01,0.10317439914604173,0.051079968543309213,-42749.36676000003,1894594.60856,-1572119.1808799994,0,5532301.471879999,1557720.0,216000.0,628000.0,1437587.6824400001,628000.0,3.8483228115102452
2025-06-01,Orçamento,1362192.0,115786.32,1246405.68,886786.9920000001,359618.68799999985,102600.0,46314.528000000006,33000.0,19000.0,28606.032000000003,229520.56,130098.12799999985,21660.0,108438.12799999985,10128.0,98310.12799999985,33425.44351999995,64884.6844799999,1816256.0,1330180.4880000001,899577.1890000002,1064144.3904000001,20520.0,115786.32,33425.44351999995,90000.0,2256000.0,629940.0,0.0,18000.0,826000.0,0.0,3900000.0,1189318.4739199993,1344728.0,889345.0314000002,229520.56,114672.98999999999,32482.459639999994,68578.95895999981,68578.95895999997,-90000.0,-18000.0,-39421.041040000026,2416119.1808799994,2376698.1398399994,7149194.627839999,2059876.1539200002,5089318.473919999,0.0,-1.6007106751203537e-10,40.0,45.0,36.0,0.085,0.34,0.012,0.01,0.104378638582584,0.052057436451990416,-21421.041040000026,1912560.3340799997,-1550698.1398399994,0,5523134.627839999,1626060.0,216000.0,610000.0,1449876.1539200002,610000.0,3.809383727642678
2025-07-01,Orçamento,1231211.9999999998,104653.01999999999,1126558.9799999997,801519.0119999999,325039.9679999999,102600.0,41861.208,33000.0,19000.0,25855.451999999997,222316.66,102723.30799999987,22560.0,80163.30799999987,9912.0,70251.30799999987,23885.44471999996,46365.86327999992,1641615.9999999998,1202278.5179999997,673617.0419999994,961822.8143999999,20520.0,104653.01999999999,23885.44471999996,18000.0,2274000.0,652500.0,0.0,18000.0,808000.0,0.0,3900000.0,1235684.3371999993,1405852.0000000002,775938.6179999997,222316.66,115786.32,33425.44351999996,248472.95848000055,248472.95848000038,-18000.0,-18000.0,212472.95848000038,2376698.1398399994,2589171.09832,7054565.616319999,1918881.2791199998,5135684.337199999,0.0,1.7462298274040222e-10,40.0,45.0,36.0,0.085,0.34,0.012,0.01,0.0911832490119602,0.041157066876338716,230472.95848000038,1733013.2388799991,-1781171.0983199999,0,5433065.616319999,1621500.0,216000.0,592000.0,1326881.2791199998,592000.0,4.094613212060132
2025-08-01,Orçamento,1335996.0,113559.66,1222436.34,869733.3960000001,352702.944,102600.0,45423.864,33000.0,19000.0,28055.916,228079.78,124623.16400000002,22740.0,101883.16400000002,9696.0,92187.16400000002,31343.63576000001,60843.528240000014,1781328.0,1304600.094,972054.9720000005,1043680.0752000001,20520.0,113559.66,31343.63576000001,18000.0,2292000.0,675240.0,0.0,18000.0,790000.0,0.0,3900000.0,1296527.8654399994,1196284.0,890197.7112000005,228079.78,104653.01999999999,23885.44471999996,-60227.95592000043,-60227.95592000034,-18000.0,-18000.0,-96227.95592000034,2589171.09832,2492943.1423999993,7195631.236399999,1999103.3709600002,5196527.86544,-9.313225746154785e-10,-8.731149137020111e-11,40.0,45.0,36.0,0.085,0.34,0.012,0.01,0.10194654717152797,0.04977234907790782,-78227.95592000034,1876824.72304,-1702943.1423999993,0,5578871.236399999,1616760.0,216000.0,574000.0,1425103.3709600002,574000.0,3.9147133815576294
2025-09-01,Orçamento,1388388.0,118012.98000000001,1270375.02,903840.588,366534.43200000003,102600.0,47205.192,33000.0,19000.0,29156.148,230961.34,135573.09200000003,22920.0,112653.09200000003,9480.0,103173.09200000003,35078.85128000002,68094.24072000002,1851184.0,1355760.882,955001.3759999997,1084608.7056,20520.0,118012.98000000001,35078.85128000002,90000.0,2382000.0,698160.0,0.0,18000.0,772000.0,0.0,3900000.0,1364622.1061599995,1318532.0,914072.7455999998,230961.34,113559.66,31343.635760000005,19114.618640000204,19114.61864,-90000.0,-18000.0,-88885.38136,2492943.1423999993,2404057.7610399993,7294842.6430399995,2030220.53688,5264622.10616,0.0,2.0372681319713593e-10,40.0,45.0,36.0,0.085,0.34,0.012,0.01,0.10671895295926083,0.05360168426485591,-70885.38136,1948724.3451200002,-1632057.7610399993,0,5611002.6430399995,1683840.0,216000.0,556000.0,1474220.53688,556000.0,3.806080910333112
2025-10-01,Orçamento,1466976.0000000002,124692.96000000004,1342283.0400000003,955001.3760000002,387281.6640000001,102600.0,49877.18400000001,33000.0,19000.0,30806.496000000006,235283.68000000002,151997.98400000008,23820.0,128177.98400000008,9264.0,118913.98400000008,40430.75456000003,78483.22944000005,1955968.0000000002,1432502.0640000002,1031742.5580000004,1146001.6512000002,20520.0,124692.96000000004,40430.75456000003,18000.0,2400000.0,721980.0,0.0,18000.0,754000.0,0.0,3900000.0,1443105.3355999996,1362191.9999999998,970349.6124,235283.68000000002,118012.98000000003,35078.85128000002,-5797.123680000281,-5797.123680000193,-18000.0,-18000.0,-41797.12368000019,2404057.7610399993,2362260.637359999,7428750.701359999,2085645.3657600002,5343105.3356,-9.313225746154785e-10,-8.731149137020111e-11,40.0,45.0,36.0,0.085,0.34,0.012,0.01,0.11323840015143159,0.05846995536798263,-23797.123680000193,2056824.69824,-1608260.6373599991,0,5750730.701359999,1678020.0,216000.0,538000.0,1547645.3657600002,538000.0,3.715793571698511
2025-11-01,Orçamento,1689642.0,143619.57,1546022.43,1099956.942,446065.4879999999,102600.0,57447.828,33000.0,19000.0,35482.482,247530.31,198535.1779999999,24000.0,174535.1779999999,9048.0,165487.1779999999,56265.64051999997,109221.53747999993,2252856.0,1649935.413,1317390.2909999997,1319948.3304,20520.0,143619.57,56265.64051999997,18000.0,2418000.0,745980.0,0.0,18000.0,736000.0,0.0,3900000.0,1552326.8730799996,1392754.0,1143443.6117999998,247530.31,124692.96000000002,40430.75456000003,-172391.6363599999,-172391.6363599997,-18000.0,-18000.0,-208391.6363599997,2362260.637359999,2153869.000999999,7728680.413999999,2276353.54092,5452326.873079999,-9.313225746154785e-10,-1.7462298274040222e-10,40.0,45.0,36.0,0.085,0.34,0.012,0.01,0.12841675136627864,0.0706468000467496,-190391.6363599997,2362437.8720799997,-1417869.0009999992,0,6056660.413999999,1672020.0,216000.0,520000.0,1756353.54092,520000.0,3.4484289597112916
2025-12-01,Orçamento,1545564.0,131372.94,1414191.06,1006162.164,408028.89600000007,102600.0,52549.17600000001,33000.0,19000.0,32456.844,239606.02000000002,168422.87600000005,24180.0,144242.87600000005,8832.0,135410.87600000005,46039.69784000002,89371.17816000002,2060752.0,1509243.246,865469.9970000002,1207394.5968,20520.0,131372.94,46039.69784000002,90000.0,2508000.0,770160.0,0.0,18000.0,718000.0,0.0,3900000.0,1641698.0512399997,1737668.0,978023.7306000004,239606.02000000002,143619.57,56265.64051999997,311321.03887999966,311321.0388799998,-90000.0,-18000.0,203321.03887999977,2153869.000999999,2357190.039879999,7665025.285879999,2123327.23464,5541698.05124,-9.313225746154785e-10,-1.1641532182693481e-10,40.0,45.0,36.0,0.085,0.34,0.012,0.01,0.11909485271389005,0.06319597166736439,221321.03887999977,2164668.0113600004,-1639190.0398799991,0,5927185.285879999,1737840.0,216000.0,502000.0,1621327.23464,502000.0,3.6557612548808347
2025-01-01,Forecast 6+6,1151091.49,97842.77665,1053248.71335,786981.58,266267.13335000013,105925.0,41439.29,33920.0,20160.0,25324.01,226768.3,39498.833350000146,20040.0,19458.833350000146,7008.0,12450.833350000146,4233.28333900005,8217.550011000098,1803376.6676666667,1364101.4053333332,747883.652,918145.1766666665,21185.0,97842.77665,4233.28333900005,18000.0,2022000.0,524880.0,0.0,18000.0,566000.0,0.0,3900000.0,864829.1271230004,1190007.595666667,897390.1420000002,225343.3,117446.16430000002,31905.493138,-89085.50377133326,-89085.50377133326,-18000.0,-18000.0,-125085.50377133326,1832722.7945500002,1707637.290778667,6372235.3637786675,1607406.2366556665,4764829.127123,9.313225746154785e-10,0.0,47.0,52.0,35.0,0.085,0.34,0.012,0.01,0.03750190515245802,0.0078020983143317285,-107085.50377133326,2126071.8363443334,-1141637.290778667,0,4875115.3637786675,1497120.0,216000.0,350000.0,1257406.2366556665,350000.0,3.8771203940780916
2025-02-01,Forecast 6+6,1176731.76,100022.1996,1076709.5604,805807.26,270902.30040000007,105925.0,42362.34,33920.0,20160.0,25888.1,228255.44,42646.86040000006,20220.0,22426.860400000063,6792.0,15634.860400000063,5315.852536000022,10319.007864000041,1843546.4239999999,1396732.584,838438.4386666669,940108.4700000001,21185.0,100022.1996,5315.852536000022,18000.0,2040000.0,545100.0,0.0,18000.0,548000.0,0.0,3900000.0,875148.1349870005,1136562.003666667,816475.1453333333,228255.44,97842.77665,4233.283339000051,-17036.64165566631,-17036.641655666466,-18000.0,-18000.0,-53036.64165566646,1707637.290778667,1654600.6491230004,6389779.657123,1614631.5221360002,4775148.134987,0.0,1.5643308870494366e-10,47.0,52.0,35.0,0.085,0.34,0.012,0.01,0.039608509080347215,0.009583836016247972,-35036.64165566646,2173647.485864,-1106600.6491230004,0,4894879.657123,1494900.0,216000.0,332000.0,1282631.5221360002,332000.0,3.8162789333069154
2025-03-01,Forecast 6+6,1389953.08,118146.01180000002,1271807.0682,952291.92,319515.14820000005,105925.0,50038.31,33920.0,20160.0,30578.97,240622.28,78892.86820000006,20400.0,58492.868200000055,6576.0,51916.868200000055,17651.73518800002,34265.133012000035,2177593.158666667,1650639.3280000002,1206198.664,1111007.24,21185.0,118146.01180000002,17651.73518800002,90000.0,2130000.0,565500.0,0.0,18000.0,530000.0,0.0,3900000.0,909413.2679990005,1055906.3453333327,1035299.8940000001,240622.28,100022.1996,5315.85253600002,-331929.88080266747,-331929.88080266747,-90000.0,-18000.0,-439929.88080266747,1654600.6491230004,1214670.768320333,6607403.254987,1797989.986988,4809413.267999001,-1.862645149230957e-09,0.0,47.0,52.0,35.0,0.085,0.34,0.012,0.01,0.06203210390366665,0.026942084116968922,-421929.88080266747,2560242.499678667,-684670.768320333,0,5042903.254987,1564500.0,216000.0,314000.0,1483989.986988,314000.0,3.3982057151358513
2025-04-01,Forecast 6+6,1384297.22,117665.26370000001,1266631.9563,950090.68,316541.2762999999,105925.0,49834.7,33920.0,48160.0,30454.54,268294.24,48247.03629999992,21300.0,26947.03629999992,6360.0,20587.03629999992,6999.5923419999735,13587.443957999945,2168732.311333333,1646823.8453333334,946275.1973333331,1108439.1266666667,21185.0,117665.26370000001,6999.5923419999735,18000.0,2148000.0,586800.0,350000.0,18000.0,862000.0,0.0,3900000.0,923000.7119570004,1393158.0673333341,948843.3106666664,268294.24,118146.01180000004,17651.73518800002,33862.76967866771,33862.76967866738,-18000.0,332000.0,347862.76967866736,1214670.768320333,1562533.5379990004,6939289.694665667,2116288.9827086665,4823000.711957,0.0,3.346940502524376e-10,47.0,52.0,35.0,0.085,0.34,0.012,0.01,0.038090809299440004,0.010727223397782155,15862.769678667377,2561267.1739579993,-700533.5379990004,0,5378089.694665667,1561200.0,216000.0,646000.0,1470288.9827086665,646000.0,3.657845333750501
2025-05-01,Forecast 6+6,1449678.53,123222.67505,1326455.85495,991818.4,334637.45495000004,105925.0,52188.43,33920.0,48160.0,31892.93,272086.36,62551.09495000006,21480.0,41071.09495000006,10344.0,30727.094950000057,10447.21228300002,20279.882667000034,2271163.030333333,1719151.8933333335,1064146.448,1157121.4666666666,21185.0,123222.67505,10447.21228300002,18000.0,2166000.0,608280.0,0.0,18000.0,844000.0,0.0,3900000.0,943280.5946240005,1347247.8110000002,1015464.1080000002,272086.36,117665.26370000002,6999.592341999973,-75311.513042,-75311.5130420003,-18000.0,-18000.0,-111311.5130420003,1562533.5379990004,1451222.024957,6999256.948623667,2155976.3539996664,4843280.594624001,-9.313225746154785e-10,2.9103830456733704e-10,47.0,52.0,35.0,0.085,0.34,0.012,0.01,0.04715655987839707,0.015288773155413056,-93311.5130420003,2678338.5696670003,-607222.024957,0,5441536.948623667,1557720.0,216000.0,628000.0,1527976.3539996664,628000.0,3.561270391639094
2025-06-01,Forecast 6+6,1471160.97,125048.68245000001,1346112.28755,1007209.94,338902.34755000006,105925.0,52961.79,33920.0,20160.0,32365.54,245332.33000000002,93570.01755000005,21660.0,71910.01755000005,10128.0,61782.01755000005,21005.885967000017,40776.13158300003,2304818.853,1745830.5626666665,1033888.6093333326,1175078.2633333332,21185.0,125048.68245000001,21005.885967000017,90000.0,2256000.0,629940.0,0.0,18000.0,826000.0,0.0,3900000.0,984056.7262070006,1437505.1473333333,1015931.8126666662,245332.33000000002,123222.67505,10447.212283000023,32443.117333666996,32443.117333666807,-90000.0,-18000.0,-75556.8826663332,1451222.024957,1375665.142290667,7052374.5579573335,2168317.8317503333,4884056.726207,0.0,1.8917489796876907e-10,47.0,52.0,35.0,0.085,0.34,0.012,0.01,0.06951130185454495,0.03029177577541832,-57556.88266633319,2708331.5839163335,-549665.1422906669,0,5426314.5579573335,1626060.0,216000.0,610000.0,1558317.8317503333,610000.0,3.482161628005238
2025-07-01,Forecast 6+6,1147740.0,97557.90000000001,1050182.1,771281.28,278900.82000000007,112000.0,41318.64,33920.0,20160.0,26398.02,233796.66,45104.16000000006,22560.0,22544.16000000006,9912.0,12632.160000000062,4294.934400000021,8337.225600000042,1912900.0,1414015.68,439466.3973333335,899828.16,22400.0,97557.90000000001,4294.934400000021,18000.0,2274000.0,652500.0,0.0,18000.0,808000.0,0.0,3900000.0,992393.9518070006,1539658.8530000001,714716.5006666667,232581.66,125048.68245000001,21005.885967000017,436394.12391633337,436394.1239163335,-18000.0,-18000.0,400394.1239163335,1375665.142290667,1776059.2662070005,6724474.946207,1832080.9944,4892393.951807001,-9.313225746154785e-10,-1.1641532182693481e-10,50.0,55.0,35.0,0.085,0.34,0.012,0.01,0.04294889429176146,0.007938838035803544,418394.1239163335,2302834.6855999995,-968059.2662070005,0,5102974.946207,1621500.0,216000.0,592000.0,1240080.9944,592000.0,4.115033589943873
2025-08-01,Forecast 6+6,1245420.0,105860.70000000001,1139559.3,836922.2400000001,302637.05999999994,112000.0,44835.119999999995,33920.0,20160.0,28644.66,239559.78,63077.27999999994,22740.0,40337.27999999994,9696.0,30641.27999999994,10418.03519999998,20223.24479999996,2075700.0,1534357.4400000002,957264.0000000002,976409.28,22400.0,105860.70000000001,10418.03519999998,18000.0,2292000.0,675240.0,0.0,18000.0,790000.0,0.0,3900000.0,1012617.1966070005,1082620.0,880682.8800000001,239559.78,97557.90000000002,4294.93440000002,-149171.49440000017,-149171.49440000032,-18000.0,-18000.0,-185171.49440000032,1776059.2662070005,1590887.771807,6817705.211807,1905088.0152,4912617.196607,0.0,1.4551915228366852e-10,50.0,55.0,35.0,0.085,0.34,0.012,0.01,0.05535234541984778,0.017746548863231567,-167171.49440000032,2494969.4248,-800887.771807,0,5200945.211807,1616760.0,216000.0,574000.0,1331088.0152,574000.0,3.9072887385478734
2025-09-01,Forecast 6+6,1294260.0,110012.1,1184247.9,869742.7200000001,314505.1799999998,112000.0,46593.35999999999,33920.0,20160.0,29767.98,242441.34,72063.83999999982,22920.0,49143.83999999982,9480.0,39663.83999999982,13485.705599999941,26178.13439999988,2157100.0,1594528.32,929913.5999999999,1014699.8400000001,22400.0,110012.1,13485.705599999941,90000.0,2382000.0,698160.0,0.0,18000.0,772000.0,0.0,3900000.0,1038795.3310070004,1212860.0,891623.0399999998,242441.33999999997,105860.70000000001,10418.035199999978,-46963.11519999976,-46963.1152,-90000.0,-18000.0,-154963.1152,1590887.771807,1435924.6566070002,6871392.976607,1932597.6456,4938795.331007,0.0,2.4010660126805305e-10,50.0,55.0,35.0,0.085,0.34,0.012,0.01,0.060851988844565254,0.022105282517283654,-136963.1152,2591030.6744000004,-663924.6566070002,0,5187552.976607,1683840.0,216000.0,556000.0,1376597.6456,556000.0,3.7683872213408938
2025-10-01,Forecast 6+6,1367520.0000000005,116239.20000000004,1251280.8000000005,918973.4400000004,332307.3600000001,112000.0,49230.720000000016,33920.0,20160.0,31452.96000000001,246763.68000000002,85543.68000000008,23820.0,61723.68000000008,9264.0,52459.68000000008,17836.29120000003,34623.38880000005,2279200.000000001,1684784.6400000008,1009229.7600000009,1072135.6800000004,22400.0,116239.20000000004,17836.29120000003,18000.0,2400000.0,721980.0,0.0,18000.0,754000.0,0.0,3900000.0,1073418.7198070004,1245419.9999999995,951793.9200000006,246763.68000000005,110012.1,13485.705599999943,-85899.40560000109,-85899.4056000012,-18000.0,-18000.0,-121899.4056000012,1435924.6566070002,1314025.251006999,6956029.891007001,1982611.1712000004,4973418.719807001,-9.313225746154785e-10,1.1641532182693481e-10,50.0,55.0,35.0,0.085,0.34,0.012,0.01,0.06836489459440283,0.02767035888347367,-103899.4056000012,2735373.468800001,-560025.251006999,0,5278009.891007001,1678020.0,216000.0,538000.0,1444611.1712000004,538000.0,3.653585128116306
2025-11-01,Forecast 6+6,1575090.0000000002,133882.65000000002,1441207.35,1058460.4800000002,382746.8699999999,112000.0,56703.240000000005,33920.0,20160.0,36227.07000000001,259010.31,123736.55999999988,24000.0,99736.55999999988,9048.0,90688.55999999988,30834.11039999996,59854.44959999992,2625150.0000000005,1940510.8800000004,1314186.7199999995,1234870.56,22400.0,133882.65000000002,30834.11039999996,18000.0,2418000.0,745980.0,0.0,18000.0,736000.0,0.0,3900000.0,1133273.1694070003,1229140.0000000005,1151451.8399999999,259010.31,116239.20000000004,17836.29120000003,-324445.64119999943,-324445.64119999955,-18000.0,-18000.0,-360445.64119999955,1314025.251006999,953579.6098069996,7191260.489807,2157987.3204,5033273.169407001,0.0,1.1641532182693481e-10,50.0,55.0,35.0,0.085,0.34,0.012,0.01,0.08585618162438588,0.04153076904582808,-342445.64119999955,3143673.5596000007,-217579.60980699956,0,5519240.489807,1672020.0,216000.0,520000.0,1637987.3204,520000.0,3.3695257717008396
2025-12-01,Forecast 6+6,1440780.0,122466.3,1318313.7,968204.16,350109.5399999999,112000.0,51868.079999999994,33920.0,20160.0,33137.94,251086.02,99023.51999999993,24180.0,74843.51999999993,8832.0,66011.51999999993,22443.916799999977,43567.603199999954,2401300.0,1775040.9600000002,802734.2399999998,1129571.52,22400.0,122466.3,22443.916799999977,90000.0,2508000.0,770160.0,0.0,18000.0,718000.0,0.0,3900000.0,1176840.7726070003,1664630.0000000005,908033.2799999998,251086.02000000002,133882.65000000002,30834.11039999996,331961.9396000007,331961.9396000005,-90000.0,-18000.0,223961.9396000005,953579.6098069996,1177541.5494070002,7091722.509407001,2014881.7368,5076840.772607001,0.0,1.7462298274040222e-10,50.0,55.0,35.0,0.085,0.34,0.012,0.01,0.07511377603069735,0.033047978792907905,241961.9396000005,2879459.2232000004,-459541.5494070002,0,5353882.509407001,1737840.0,216000.0,502000.0,1512881.7368,502000.0,3.5388638643568826
2026-01-01,Base 2026,1289222.4688000001,109583.90984800002,1179638.5589520002,850886.8294080001,328751.7295440001,125000.0,45122.78640800001,37000.0,24000.0,29652.116782400004,260774.90319040001,67976.8263536001,25080.0,42896.8263536001,8616.0,34280.8263536001,11655.480960224037,22625.34539337607,1933833.7032000003,1361418.9270528,198331.61246080045,1021064.1952896002,25000.0,109583.90984800002,11655.480960224037,22000.0,2530000.0,795240.0,0.0,18000.0,700000.0,0.0,3900000.0,1258901.8896043762,2011083.1575999996,532826.9371712,257807.3031904,144085.5468,31810.11888800001,1035937.2515503992,1035937.2515503998,-22000.0,-18000.0,995937.2515503998,1000255.5938990002,1996192.8454494001,7026205.4757022,1867303.5860978242,5158901.889604377,-9.313225746154785e-10,-5.820766091346741e-10,45.0,48.0,36.0,0.085,0.34,0.012,0.01,0.05762513088245541,0.019179896436648015,1013937.2515503998,2127949.0441549765,-1296192.8454494001,0,5291445.4757022,1734760.0,216000.0,484000.0,1383303.5860978242,484000.0,3.8252235654422724
2026-02-01,Base 2026,1317939.5712,112024.863552,1205914.707648,869840.116992,336074.59065599996,125000.0,46127.884992,37000.0,24000.0,30312.610137599997,262440.4951296,73634.09552639996,25300.0,48334.095526399964,8400.0,39934.095526399964,13577.592478975988,26356.503047423976,1976909.3568,1391744.1871872,900165.3771263999,1043808.1403904001,25000.0,112024.863552,13577.592478975988,22000.0,2552000.0,820540.0,0.0,18000.0,682000.0,0.0,3900000.0,1285258.3926518,1274863.9176000005,877421.4320256,262440.4951296,109583.90984800001,11655.480960224035,5362.59963657648,5362.59963657632,-22000.0,-18000.0,-34637.40036342368,1996192.8454494001,1961555.4450859765,7061668.989073176,1876410.596421376,5185258.3926518,0.0,1.6007106751203537e-10,45.0,48.0,36.0,0.085,0.34,0.012,0.01,0.06106078237491184,0.021856025870046272,-16637.40036342368,2174242.947565824,-1279555.4450859765,0,5330208.989073176,1731460.0,216000.0,466000.0,1410410.596421376,466000.0,3.77918955132461
2026-03-01,Base 2026,1556747.4496000002,132323.533216,1424423.916384,1027453.3167360001,396970.599648,125000.0,54486.16073600001,37000.0,24000.0,35805.191340800004,276291.3520768,120679.24757119996,25520.0,95159.24757119996,8184.0,86975.24757119996,29571.584174207987,57403.66339699197,2335121.1744000004,1643925.3067776002,1279634.4363264004,1232943.9800832001,25000.0,132323.533216,29571.584174207987,120000.0,2672000.0,846060.0,0.0,18000.0,664000.0,0.0,3900000.0,1342662.056048792,1198535.6319999998,1090498.5966336,276291.3520768,112024.863552,13577.592478975988,-302040.7727413763,-302040.77274137654,-120000.0,-18000.0,-440040.77274137654,1961555.4450859765,1521514.6723445999,7326501.153522201,2083839.097473408,5242662.056048792,9.313225746154785e-10,2.3283064365386963e-10,45.0,48.0,36.0,0.085,0.34,0.012,0.01,0.08472144154778914,0.04029956443213562,-422040.77274137654,2559207.3837041925,-857514.6723445999,0,5500561.153522201,1825940.0,216000.0,448000.0,1635839.097473408,448000.0,3.362531903056937
2026-04-01,Base 2026,1550412.8864000004,131785.09534400006,1418627.7910560004,1023272.5050240003,395355.2860320001,125000.0,54264.45102400002,37000.0,24000.0,35659.4963872,275923.94741120003,119431.33862080006,26720.0,92711.33862080006,7968.0,84743.33862080006,28812.735131072022,55930.60348972803,2325619.3296000008,1637236.0080384007,1016583.2062848005,1227927.0060288005,25000.0,131785.09534400006,28812.735131072022,22000.0,2694000.0,872780.0,0.0,18000.0,646000.0,0.0,3900000.0,1398592.65953852,1559914.7312000003,1021600.1803392002,275923.94741120003,132323.53321600004,29571.584174207983,92527.48605939203,92527.48605939161,-22000.0,-18000.0,52527.48605939161,1521514.6723445999,1574042.1584039915,7358117.496042393,2059524.8365038726,5298592.6595385205,0.0,4.220055416226387e-10,45.0,48.0,36.0,0.085,0.34,0.012,0.01,0.08418793102304697,0.03942584788085557,70527.48605939161,2549330.5011345292,-928042.1584039915,0,5536897.496042393,1821220.0,216000.0,430000.0,1629524.8365038726,430000.0,3.397860144262511
2026-05-01,Base 2026,1623639.9536000001,138009.39605600003,1485630.557544,1071602.369376,414028.18816799996,125000.0,56827.39837600001,37000.0,24000.0,37343.7189328,280171.1173088,133857.07085919997,26940.0,106917.07085919997,7752.0,99165.07085919997,33716.12409212799,65448.94676707198,2435459.9304,1714563.7910016,1148930.1523391996,1285922.8432512,25000.0,138009.39605600003,33716.12409212799,22000.0,2716000.0,899720.0,0.0,18000.0,628000.0,0.0,3900000.0,1464041.606305592,1513799.352800001,1090934.3151168,280171.1173088,131785.09534400003,28812.73513107202,-25655.91010067102,-25655.910100671157,-22000.0,-18000.0,-65655.91010067116,1574042.1584039915,1508386.2483033203,7474689.96970492,2110648.3633993277,5364041.606305592,9.313225746154785e-10,1.382431946694851e-10,45.0,48.0,36.0,0.085,0.34,0.012,0.01,0.09010118308315392,0.04405465843087546,-47655.91010067116,2667375.358002272,-880386.2483033203,0,5658409.96970492,1816280.0,216000.0,412000.0,1698648.3633993277,412000.0,3.3311249647816075
2026-06-01,Base 2026,1647700.2863999999,140054.524344,1507645.7620559998,1087482.189024,420163.57303199987,125000.0,57669.510024,37000.0,24000.0,37897.106587199996,281566.6166112,138596.9564207999,27160.0,111436.95642079989,7536.0,103900.95642079989,35326.32518307197,68574.63123772792,2471550.4296,1739971.5024384,1112889.9004608,1304978.6268288,25000.0,140054.524344,35326.32518307197,120000.0,2836000.0,926880.0,0.0,18000.0,610000.0,0.0,3900000.0,1532616.2375433198,1611609.7871999997,1093834.1168831997,281566.6166112,138009.39605600006,33716.124092128,56947.53355747198,56947.53355747199,-120000.0,-18000.0,-81052.466442528,1508386.2483033203,1427333.7818607923,7547975.7138991915,2115359.476355872,5432616.23754332,-9.313225746154785e-10,-7.275957614183426e-12,45.0,48.0,36.0,0.085,0.34,0.012,0.01,0.09192939078195204,0.04548457798482559,-63052.46644252801,2706162.455682528,-817333.7818607923,0,5638855.713899192,1909120.0,216000.0,394000.0,1721359.4763558721,394000.0,3.2758153025866985
2026-07-01,Base 2026,1352189.9776,114936.14809600002,1237253.829504,892445.3852160001,344808.4442879999,125000.0,47326.649216000005,37000.0,24000.0,31100.3694848,264427.0187008,80381.42558719986,28360.0,52021.42558719986,7320.0,44701.42558719986,15198.484699647954,29502.940887551908,2028284.9664000003,1427912.6163456002,580386.4991232003,1070934.4622592002,25000.0,114936.14809600002,15198.484699647954,22000.0,2858000.0,955240.0,0.0,18000.0,592000.0,0.0,3900000.0,1562119.1784308718,1795455.4408,814430.6636928001,264427.0187008,140054.524344,35326.32518307197,533896.9088793278,533896.9088793276,-22000.0,-18000.0,493896.9088793276,1427333.7818607923,1921230.69074012,7280188.27348572,1818069.0950548481,5462119.178430872,0.0,2.3283064365386963e-10,45.0,48.0,36.0,0.085,0.34,0.012,0.01,0.06496761106766895,0.023845503795594858,511896.9088793276,2230128.4876907524,-1329230.69074012,0,5377428.27348572,1902760.0,216000.0,376000.0,1442069.0950548481,376000.0,3.7289671430627207
2026-08-01,Base 2026,1454482.2208000002,123630.98876800002,1330851.2320320003,959958.2657280002,370892.9663040001,125000.0,50906.877728000014,37000.0,24000.0,33453.09107840001,270359.9688064,100532.9974976001,28580.0,71952.9974976001,7104.0,64848.997497600096,22048.659149184034,42800.33834841606,2181723.3312000004,1535933.2251648004,1067978.8745472003,1151949.9188736002,25000.0,123630.98876800002,22048.659149184034,22000.0,2880000.0,983820.0,0.0,18000.0,574000.0,0.0,3900000.0,1604919.516779288,1301043.8560000001,986963.4179328005,270359.9688064,114936.14809600003,15198.48469964795,-93518.16353484834,-93518.16353484812,-22000.0,-18000.0,-133518.16353484814,1921230.69074012,1787712.5272052716,7401549.083570072,1896629.5667907842,5504919.516779288,9.313225746154785e-10,-2.1827872842550278e-10,45.0,48.0,36.0,0.085,0.34,0.012,0.01,0.07554037226542747,0.03216012227231941,-115518.16353484812,2395026.9895740165,-1213712.5272052716,0,5505369.083570072,1896180.0,216000.0,358000.0,1538629.5667907842,358000.0,3.578099110010582
2026-09-01,Base 2026,1551548.7120000003,131881.64052000004,1419667.0714800002,1024022.1499200002,395644.92155999993,125000.0,54304.20492000002,37000.0,24000.0,35685.620376000006,275989.825296,119655.09626399993,28800.0,90855.09626399993,6888.0,83967.09626399993,28548.81272975998,55418.283534239956,2327323.0680000004,1638435.4398720004,1126524.3646272002,1228826.5799040003,25000.0,131881.64052000004,28548.81272975998,120000.0,3000000.0,1012620.0,0.0,18000.0,556000.0,0.0,3900000.0,1660337.800313528,1405948.9752000002,1049647.7035968,275989.825296,123630.98876800001,22048.65914918403,-72256.20160998392,-72256.20160998403,-120000.0,-18000.0,-210256.20160998404,1787712.5272052716,1577456.3255952876,7530594.833467288,1970257.0331537602,5560337.800313528,0.0,1.0186340659856796e-10,45.0,48.0,36.0,0.085,0.34,0.012,0.01,0.08428391322710593,0.03903611251366597,-192256.20160998404,2551501.4747182406,-1021456.3255952876,0,5543214.833467288,1987380.0,216000.0,340000.0,1630257.0331537602,340000.0,3.4002091208549143
2026-10-01,Base 2026,1742707.5568000004,148130.14232800005,1594577.4144720002,1150186.9874880002,444390.426984,125000.0,60994.764488000015,37000.0,24000.0,40082.27380640001,287077.03829440003,157313.3886896,30000.0,127313.38868959999,6672.0,120641.38868959999,41018.072154464,79623.316535136,2614061.335200001,1840299.1799808003,1352050.7275967998,1380224.3849856001,25000.0,148130.14232800005,41018.072154464,22000.0,3022000.0,1042620.0,0.0,18000.0,538000.0,0.0,3900000.0,1739961.116848664,1455969.2895999998,1200652.9225152,287077.03829440003,131881.64052000002,28548.812729759986,-198863.12445936023,-198863.12445936064,-22000.0,-18000.0,-238863.12445936064,1577456.3255952876,1338593.2011359269,7772333.716316728,2132372.599468064,5639961.116848664,0.0,4.0745362639427185e-10,45.0,48.0,36.0,0.085,0.34,0.012,0.01,0.09865522191764514,0.0499338042872638,-220863.12445936064,2859987.9157127365,-800593.2011359269,0,5792953.716316728,1979380.0,216000.0,322000.0,1810372.599468064,322000.0,3.199868202832308
2026-11-01,Base 2026,2043344.4864,173684.28134400002,1869660.205056,1348607.361024,521052.84403200005,125000.0,71517.05702400001,37000.0,24000.0,46996.9231872,304513.9802112,216538.86382080003,30220.0,186318.86382080003,6456.0,179862.86382080003,61153.37369907201,118709.49012172801,3065016.7295999997,2157771.7776384,1666079.9586815995,1618328.8332288,25000.0,173684.28134400002,61153.37369907201,22000.0,3044000.0,1072840.0,0.0,18000.0,520000.0,0.0,3900000.0,1858670.606970392,1592389.0920000016,1427975.5104383999,304513.9802112,148130.14232800005,41018.072154464004,-335704.61313206237,-335704.61313206254,-22000.0,-18000.0,-375704.61313206254,1338593.2011359269,962888.5880038643,8156837.095242264,2398166.488271872,5758670.606970392,0.0,1.7462298274040222e-10,45.0,48.0,36.0,0.085,0.34,0.012,0.01,0.11581722883935174,0.06349254789758571,-357704.61313206254,3344622.0189665277,-442888.5880038643,0,6185677.095242264,1971160.0,216000.0,304000.0,2094166.488271872,304000.0,2.9537656771247205
2026-12-01,Base 2026,1898538.9696000004,161375.81241600006,1737163.1571840004,1253035.7199360004,484127.43724799994,125000.0,66448.86393600002,37000.0,24000.0,43666.39630080001,296115.2602368,188012.17701119994,30440.0,157572.17701119994,6240.0,151332.17701119994,51452.94018380798,99879.23682739196,2847808.4544000006,2004857.1518976009,1100121.094195201,1503642.8639232004,25000.0,161375.81241600006,51452.94018380798,120000.0,3164000.0,1103280.0,0.0,18000.0,502000.0,0.0,3900000.0,1958549.8437977838,2115747.2448,1214807.0635008006,296115.2602368,173684.28134400002,61153.37369907202,363747.26601932733,363747.26601932663,-120000.0,-18000.0,225747.26601932663,962888.5880038643,1188635.854023191,8102021.460320793,2243471.6165230083,5858549.843797784,0.0,6.984919309616089e-10,45.0,48.0,36.0,0.085,0.34,0.012,0.01,0.10822942924714911,0.05749559931336533,243747.26601932663,3111193.989774592,-686635.8540231909,0,6041301.460320792,2060720.0,216000.0,286000.0,1957471.6165230083,286000.0,3.0862779359486985
2026-01-01,Otimista 2026,1404331.6178,119368.187513,1284963.4302869998,904389.5618631999,380573.86842379987,125000.0,49151.606623,37000.0,24000.0,32299.627209399998,267451.2338324,113122.63459139987,25080.0,88042.63459139987,8616.0,79426.63459139987,27005.055761075957,52421.57883032391,1778820.0492133333,1266145.38660848,156560.80447167996,1145560.1116933865,25000.0,119368.187513,27005.055761075957,22000.0,2530000.0,795240.0,0.0,18000.0,700000.0,0.0,3900000.0,1288698.123041324,2281205.960586667,366560.2127782933,264483.6338324,144085.5468,31810.11888800001,1465650.4482879736,1465650.448287973,-22000.0,-18000.0,1425650.448287973,1000255.5938990002,2425906.042186973,7205631.478008786,2016933.3549674624,5188698.123041324,0.0,6.984919309616089e-10,38.0,42.0,38.0,0.085,0.34,0.012,0.01,0.08803568407089503,0.04079616399558968,1443650.448287973,1728032.080854351,-1725906.0421869732,0,5470871.478008786,1734760.0,216000.0,484000.0,1532933.3549674624,484000.0,3.5688906241621376
2026-02-01,Otimista 2026,1435612.7472,122027.08351200001,1313585.663688,924534.6091968,389051.0544912,125000.0,50246.44615200001,37000.0,24000.0,33019.0931856,269265.5393376,119785.51515360002,25300.0,94485.51515360002,8400.0,86085.51515360002,29269.07515222401,56816.44000137601,1818442.81312,1294348.45287552,952737.6754638399,1171077.17164928,25000.0,122027.08351200001,29269.07515222401,22000.0,2552000.0,820540.0,0.0,18000.0,682000.0,0.0,3900000.0,1345514.5630427,1395989.983293333,927220.6155079463,269265.5393376,119368.18751300001,27005.055761075957,44730.58517371077,44730.58517371075,-22000.0,-18000.0,4730.585173710751,2425906.042186973,2430636.627360684,7274887.893356204,2029373.330313504,5245514.5630427,0.0,2.1827872842550278e-11,38.0,42.0,38.0,0.085,0.34,0.012,0.01,0.09118972478528146,0.043252938557398056,22730.58517371075,1765417.9356820162,-1748636.6273606839,0,5543427.893356204,1731460.0,216000.0,466000.0,1563373.330313504,466000.0,3.545811986088171
2026-03-01,Otimista 2026,1695742.7576000001,144138.134396,1551604.623204,1092058.3358944,459546.28730960004,125000.0,59350.99651600001,37000.0,24000.0,39002.0834248,284353.07994080003,175193.2073688,25520.0,149673.2073688,8184.0,141489.2073688,48106.330505392005,93382.876863408,2147940.8262933334,1528881.67025216,1326591.5532710399,1383273.8921329067,25000.0,144138.134396,48106.330505392005,120000.0,2672000.0,846060.0,0.0,18000.0,664000.0,0.0,3900000.0,1438897.439906108,1366244.7444266668,1114394.8327874132,284353.07994080003,122027.08351199998,29269.075152224003,-191983.3269657704,-191983.32696577048,-120000.0,-18000.0,-329983.32696577045,2430636.627360684,2100653.300394913,7603415.796940407,2264518.3570342986,5338897.439906108,0.0,8.731149137020111e-11,38.0,42.0,38.0,0.085,0.34,0.012,0.01,0.11291098566529997,0.06018471166357844,-311983.32696577045,2076304.139511195,-1436653.3003949132,0,5777475.796940407,1825940.0,216000.0,448000.0,1816518.3570342986,448000.0,3.1805215590404954
2026-04-01,Otimista 2026,1688842.6084000003,143551.62171400004,1545290.9866860001,1087614.6398096003,457676.3468763998,125000.0,59109.491294000014,37000.0,24000.0,38843.3799932,283952.8712872,173723.4755891998,26720.0,147003.4755891998,7968.0,139035.4755891998,47272.06170032794,91763.41388887187,2139200.637306667,1522660.4957334404,1081393.465290881,1377645.2104254935,25000.0,143551.62171400004,47272.06170032794,22000.0,2694000.0,872780.0,0.0,18000.0,646000.0,0.0,3900000.0,1530660.8537949799,1697582.7973866668,1087022.1469982944,283952.8712872,144138.13439600004,48106.33050539201,126395.31419978029,126395.31419978073,-22000.0,-18000.0,86395.31419978073,2100653.300394913,2187048.6145946938,7670129.7476348,2239468.8938398217,5430660.85379498,-9.313225746154785e-10,-4.3655745685100555e-10,38.0,42.0,38.0,0.085,0.34,0.012,0.01,0.11242120551143812,0.05938261122305893,104395.31419978073,2068392.2392002854,-1541048.6145946938,0,5848909.7476348,1821220.0,216000.0,430000.0,1809468.8938398217,430000.0,3.2323903259939426
2026-05-01,Otimista 2026,1768607.8066000002,150331.66356100002,1618276.1430390002,1138983.4274504,479292.71558860014,125000.0,61901.273231000014,37000.0,24000.0,40677.97955180001,288579.2527828,190713.46280580014,26940.0,163773.46280580014,7752.0,156021.46280580014,53047.29735397205,102974.1654518281,2240236.5550266667,1594576.79843056,1210899.7301475196,1442712.3414371733,25000.0,150331.66356100002,53047.29735397205,22000.0,2716000.0,899720.0,0.0,18000.0,628000.0,0.0,3900000.0,1633635.019246808,1667571.8888800004,1145832.59913584,288579.2527828,143551.621714,47272.06170032794,34584.35354703242,34584.35354703263,-22000.0,-18000.0,-5415.6464529673685,2187048.6145946938,2181632.968141726,7832726.321598953,2299091.3023521453,5533635.019246808,-9.313225746154785e-10,-2.1100277081131935e-10,38.0,42.0,38.0,0.085,0.34,0.012,0.01,0.11784976477973326,0.06363201107225767,12584.353547032631,2163722.051105081,-1553632.9681417262,0,6016446.321598953,1816280.0,216000.0,412000.0,1887091.3023521453,412000.0,3.188211568830727
2026-06-01,Otimista 2026,1794816.3834000002,152559.39258900002,1642256.990811,1155861.7509096002,486395.23990139994,125000.0,62818.573419000015,37000.0,24000.0,41280.7768182,290099.35023720004,196295.8896641999,27160.0,169135.8896641999,7536.0,161599.8896641999,54943.96248582797,106655.92717837193,2273434.08564,1618206.4512734404,1179491.4037524809,1464091.5511521602,25000.0,152559.39258900002,54943.96248582797,120000.0,2836000.0,926880.0,0.0,18000.0,610000.0,0.0,3900000.0,1740290.94642518,1761618.8527866667,1158112.194037494,290099.35023720004,150331.66356100005,53047.29735397204,102492.34759700057,102492.3475970008,-120000.0,-18000.0,-35507.6524029992,2181632.968141726,2146125.315738727,7946885.852652166,2306594.906226988,5640290.94642518,-1.862645149230957e-09,-2.3283064365386963e-10,38.0,42.0,38.0,0.085,0.34,0.012,0.01,0.11952811938846586,0.06494472410539215,-17507.6524029992,2195045.630686452,-1536125.3157387269,0,6037765.852652167,1909120.0,216000.0,394000.0,1912594.906226988,394000.0,3.156845097199899
2026-07-01,Otimista 2026,1472921.2256,125198.304176,1347722.921424,948561.2692864,399161.6521376,125000.0,51552.242896,37000.0,24000.0,33877.1881888,271429.4310848,127732.22105280001,28360.0,99372.22105280001,7320.0,92052.22105280001,31297.755157952008,60754.46589484801,1865700.2190933335,1327985.77700096,658340.5950139198,1201510.9410961068,25000.0,125198.304176,31297.755157952008,22000.0,2858000.0,955240.0,0.0,18000.0,592000.0,0.0,3900000.0,1801045.412320028,1880655.0921466667,920921.2050699729,271429.4310848,152559.392589,54943.96248582797,473481.10091706575,473481.10091706575,-22000.0,-18000.0,433481.10091706575,2146125.315738727,2579606.416655793,7676052.412750086,1975007.0004300587,5701045.412320028,-9.313225746154785e-10,0.0,38.0,42.0,38.0,0.085,0.34,0.012,0.01,0.09477632161797658,0.04507934452183615,451481.10091706575,1810678.9956642347,-1987606.4166557929,0,5773292.412750086,1902760.0,216000.0,376000.0,1599007.0004300587,376000.0,3.610548553694473
2026-08-01,Otimista 2026,1584346.7048000002,134669.46990800003,1449677.2348920002,1020319.2778912002,429357.95700080006,125000.0,55452.13466800001,37000.0,24000.0,36439.9742104,277892.1088784,151465.84812240006,28580.0,122885.84812240006,7104.0,115781.84812240006,39365.82836161602,76416.01976078404,2006839.1594133335,1428446.9890476803,1120780.4899379206,1292404.418662187,25000.0,134669.46990800003,39365.82836161602,22000.0,2880000.0,983820.0,0.0,18000.0,574000.0,0.0,3900000.0,1877461.432080812,1443207.76448,1029887.0123718407,277892.1088784,125198.304176,31297.755157952008,-28171.416104192773,-28171.416104192118,-22000.0,-18000.0,-68171.41610419212,2579606.416655793,2511435.000551601,7842901.149012614,2065439.716931803,5777461.432080812,-9.313225746154785e-10,-6.548361852765083e-10,38.0,42.0,38.0,0.085,0.34,0.012,0.01,0.1044824630454269,0.05271243689391106,-50171.41610419212,1943846.4315292113,-1937435.000551601,0,5946721.149012614,1896180.0,216000.0,358000.0,1707439.716931803,358000.0,3.4828293438661606
2026-09-01,Otimista 2026,1690079.847,143656.786995,1546423.060005,1088411.4214680002,458011.63853699993,125000.0,59152.79464500001,37000.0,24000.0,38871.836481,284024.631126,173987.0074109999,28800.0,145187.0074109999,6888.0,138299.0074109999,47021.66251973997,91277.34489125994,2140767.8062,1523775.9900552002,1183740.4224755203,1378654.4671928,25000.0,143656.786995,47021.66251973997,120000.0,3000000.0,1012620.0,0.0,18000.0,556000.0,0.0,3900000.0,1968738.776972072,1556151.2002133336,1097490.3739449072,284024.631126,134669.46990800006,39365.82836161602,-6287.103127189723,-6287.103127189432,-120000.0,-18000.0,-144287.10312718945,2511435.000551601,2367147.8974244115,8019071.693679612,2150332.91670754,5868738.776972072,0.0,-2.9103830456733704e-10,38.0,42.0,38.0,0.085,0.34,0.012,0.01,0.1125093203217219,0.0590248213777702,-126287.10312718943,2070210.8795476602,-1811147.8974244115,0,6031691.693679612,1987380.0,216000.0,340000.0,1810332.91670754,340000.0,3.331813523365346
2026-10-01,Otimista 2026,1898306.4458,161356.047893,1736950.397907,1222509.3510952,514441.0468118,125000.0,66440.72560300001,37000.0,24000.0,43661.048253400004,296101.77385640005,218339.27295539994,30000.0,188339.27295539994,6672.0,181667.27295539994,61766.872804835984,119900.40015056395,2404521.4980133334,1711513.0915332802,1410246.4525732803,1548511.8447205867,25000.0,161356.047893,61766.872804835984,22000.0,3022000.0,1042620.0,0.0,18000.0,538000.0,0.0,3900000.0,2088639.177122636,1634552.753986667,1240389.075045494,296101.77385640005,143656.78699500003,47021.66251973998,-99288.54442996703,-99288.54442996686,-22000.0,-18000.0,-139288.54442996686,2367147.8974244115,2227859.352994445,8323273.942541059,2334634.765418423,5988639.177122636,0.0,-1.7462298274040222e-10,38.0,42.0,38.0,0.085,0.34,0.012,0.01,0.12570265289008575,0.06902925972730263,-121288.54442996686,2319399.824128191,-1689859.3529944448,0,6343893.942541058,1979380.0,216000.0,322000.0,2012634.7654184229,322000.0,3.152034363881305
2026-11-01,Otimista 2026,2225785.9584,189191.806464,2036594.151936,1433406.1572095999,603187.9947264001,125000.0,77902.508544,37000.0,24000.0,51193.0770432,315095.5855872,288092.4091392001,30220.0,257872.4091392001,6456.0,251416.4091392001,85481.57910732804,165934.8300318721,2819328.88064,2006768.6200934397,1728661.6857697594,1815647.79913216,25000.0,189191.806464,85481.57910732804,22000.0,3044000.0,1072840.0,0.0,18000.0,520000.0,0.0,3900000.0,2254574.007154508,1810978.5757733332,1461525.7313581863,315095.5855872,161356.04789299998,61766.87280483598,-195221.66186988913,-195221.66186988883,-22000.0,-18000.0,-235221.66186988883,2227859.352994445,1992637.691124556,8789895.191857995,2635321.184703488,6154574.007154508,0.0,-2.9103830456733704e-10,38.0,42.0,38.0,0.085,0.34,0.012,0.01,0.141457937932964,0.08147663091054903,-217221.66186988883,2710776.316029952,-1472637.691124556,0,6818735.191857995,1971160.0,216000.0,304000.0,2331321.184703488,304000.0,2.924837313965062
2026-12-01,Otimista 2026,2068051.3776,175784.367096,1892267.010504,1331825.0871744,560441.9233295999,125000.0,72381.79821600001,37000.0,24000.0,47565.1816848,305946.97990080004,254494.94342879986,30440.0,224054.94342879986,6240.0,217814.94342879986,74057.08076579195,143757.86266300792,2619531.7449600003,1864555.12204416,1189611.58912512,1686978.44375424,25000.0,175784.367096,74057.08076579195,120000.0,3164000.0,1103280.0,0.0,18000.0,502000.0,0.0,3900000.0,2398331.869817516,2267848.51328,1318280.94450304,305946.97990080004,189191.80646400002,85481.57910732804,362707.2033048319,362707.2033048314,-120000.0,-18000.0,224707.2033048314,1992637.691124556,2217344.8944293875,8762151.76143355,2463819.891616032,6298331.869817516,1.862645149230957e-09,5.238689482212067e-10,38.0,42.0,38.0,0.085,0.34,0.012,0.01,0.13449208912700744,0.07597123548896961,242707.2033048314,2522266.975388128,-1715344.8944293875,0,6701431.761433548,2060720.0,216000.0,286000.0,2177819.891616032,286000.0,3.0771285482477664
2026-01-01,Adverso 2026,1082026.0006,91972.210051,990053.7905489999,758500.2264205999,231553.56412840006,125000.0,37870.910021,37000.0,24000.0,24886.598013799998,248757.5080348,-17203.943906399945,25080.0,-42283.943906399945,8616.0,-50899.943906399945,0.0,-50899.943906399945,2344389.667966666,1719267.179886693,463793.2623072928,758500.2264205999,25000.0,91972.210051,0.0,22000.0,2530000.0,795240.0,0.0,18000.0,700000.0,0.0,3900000.0,1185376.6003046003,1393330.7246333337,1060852.5558866928,245789.90803480003,144085.5468,31810.118888000008,-97823.40497615915,-97823.4049761591,-22000.0,-18000.0,-137823.4049761591,1000255.5938990002,862432.1889228411,6660849.0367762,1575472.4364715999,5085376.6003046,0.0,-4.3655745685100555e-11,65.0,68.0,30.0,0.085,0.34,0.012,0.01,-0.017376776969724138,-0.05141129137859787,-119823.4049761591,3188184.4113817587,-162432.1889228411,0,4926089.0367762,1734760.0,216000.0,484000.0,1091472.4364715999,484000.0,4.513250973795321
2026-02-01,Adverso 2026,1106127.8543999998,94020.86762399999,1012106.9867759999,775395.6259343998,236711.3608416001,125000.0,38714.474903999995,37000.0,24000.0,25440.940651199995,250155.4155552,-13444.054713599879,25300.0,-38744.05471359988,8400.0,-47144.05471359988,0.0,-47144.05471359988,2396610.3511999995,1757563.4187846396,813691.8648323466,775395.6259343998,25000.0,94020.86762399999,0.0,22000.0,2552000.0,820540.0,0.0,18000.0,682000.0,0.0,3900000.0,1138232.5455910005,1053907.1711666668,796796.4653185465,250155.41555519996,91972.21005100002,0.0,-93416.9197580797,-93416.91975807991,-22000.0,-18000.0,-133416.91975807992,862432.1889228411,729015.2691647612,6614649.0391494,1576416.4935583998,5038232.5455910005,0.0,2.0372681319713593e-10,65.0,68.0,30.0,0.085,0.34,0.012,0.01,-0.013283234765946068,-0.04658010993854924,-115416.91975807991,3259757.2764262394,-47015.26916476118,0,4883189.0391494,1731460.0,216000.0,466000.0,1110416.4935583998,466000.0,4.397619332455079
2026-03-01,Adverso 2026,1306555.8952,111057.251092,1195498.644108,915895.6825351999,279602.96157280006,125000.0,45729.456332,37000.0,24000.0,30050.785589599996,261780.2419216,17822.719651200052,25520.0,-7697.280348799948,8184.0,-15881.280348799948,0.0,-15881.280348799948,2830871.1062666667,2076030.2137464532,1234362.4774970135,915895.6825351999,25000.0,111057.251092,0.0,120000.0,2672000.0,846060.0,1800000.0,18000.0,2464000.0,0.0,3900000.0,1122351.2652422006,872295.1401333329,1093862.4208962135,261780.2419216,94020.86762399999,0.0,-585552.3903084806,-585552.3903084806,-120000.0,1782000.0,1076447.6096915193,729015.2691647612,1805462.8788562804,8538304.1988694,3515952.9336272,5022351.2652422,0.0,0.0,65.0,68.0,30.0,0.085,0.34,0.012,0.01,0.014908188929397036,-0.013284231167530502,-705552.3903084806,3854948.38638592,658537.1211437196,0,6712364.1988694,1825940.0,216000.0,2248000.0,1267952.9336271998,2248000.0,5.293859117993848
2026-04-01,Adverso 2026,1301239.3868,110605.347878,1190634.038922,912168.8101467999,278465.2287752001,125000.0,45543.378538000004,37000.0,24000.0,29928.505896399998,261471.8844344,16993.344340800075,26720.0,-9726.655659199925,29568.0,-39294.655659199925,0.0,-39294.655659199925,2819352.0047333334,2067582.6363327464,903721.2327330932,912168.8101467999,25000.0,110605.347878,0.0,22000.0,2694000.0,872780.0,0.0,18000.0,2446000.0,0.0,3900000.0,1083056.6095830007,1312758.4883333333,907448.1051214932,261471.8844344,111057.25109199999,0.0,3213.2476854400593,3213.247685440161,-22000.0,-18000.0,-36786.75231455984,1805462.8788562804,1768676.1265417205,8476830.7676078,3493774.1580248,4983056.609583001,0.0,-1.0186340659856796e-10,65.0,68.0,30.0,0.085,0.34,0.012,0.01,0.014272516814810576,-0.03300313477916128,-18786.75231455984,3839160.48304128,677323.8734582795,0,6655610.767607801,1821220.0,216000.0,2230000.0,1263774.1580248,2230000.0,5.266455818348196
2026-05-01,Adverso 2026,1362697.8181999999,115829.314547,1246868.5036529999,955251.1705581999,291617.3330948,125000.0,47694.423637,37000.0,24000.0,31342.049818599997,265036.4734556,26580.859639200033,26940.0,-359.1403607999673,29352.0,-29711.140360799967,0.0,-29711.140360799967,2952511.9394333335,2165235.986598586,1052904.5208240396,955251.1705581999,25000.0,115829.314547,0.0,22000.0,2716000.0,899720.0,0.0,18000.0,2428000.0,0.0,3900000.0,1053345.4692222006,1229537.8834999995,1009822.1604126397,265036.4734556,110605.34787799999,0.0,-185278.09824624017,-185278.09824623994,-22000.0,-18000.0,-225278.09824623994,1768676.1265417205,1543398.0282954806,8477425.9543274,3524080.4851051997,4953345.469222201,0.0,-2.3283064365386963e-10,65.0,68.0,30.0,0.085,0.34,0.012,0.01,0.021318093737491193,-0.023828607646880218,-207278.09824623994,4021667.4409267195,884601.9717045194,0,6661145.954327401,1816280.0,216000.0,2212000.0,1312080.4851051997,2212000.0,5.0767815160312555
2026-06-01,Adverso 2026,1382891.3117999998,117545.76150299999,1265345.5502969997,969406.8095717998,295938.7407251999,125000.0,48401.195912999996,37000.0,24000.0,31806.500171399995,266207.6960844,29731.044640799926,27160.0,2571.044640799926,29136.0,-26564.955359200074,0.0,-26564.955359200074,2996264.5089,2197322.1016960796,1001492.9246692932,969406.8095717999,25000.0,117545.76150299999,0.0,120000.0,2836000.0,926880.0,0.0,18000.0,2410000.0,0.0,3900000.0,1026780.5138630006,1339138.742333334,987337.285655693,266207.6960844,115829.31454699999,0.0,-59371.55395375908,-59371.553953759736,-120000.0,-18000.0,-197371.55395375972,1543398.0282954806,1346026.4743417208,8448733.0849378,3521952.5710748,4926780.513863001,-1.862645149230957e-09,6.548361852765083e-10,65.0,68.0,30.0,0.085,0.34,0.012,0.01,0.023496383761591057,-0.020994229878917102,-179371.55395375972,4081634.0395212797,1063973.5256582792,0,6539613.0849378,1909120.0,216000.0,2194000.0,1327952.5710748,2194000.0,4.924583322764952
2026-07-01,Adverso 2026,1134873.7311999998,96464.26715199999,1038409.4640479998,795546.4855711998,242862.97847680002,125000.0,39720.580592,37000.0,24000.0,26102.095817599995,251822.67640959998,-8959.697932799958,28360.0,-37319.69793279996,28920.0,-66239.69793279996,0.0,-66239.69793279996,2458893.084266666,1803238.700628053,401463.0845031729,795546.4855711998,25000.0,96464.26715199999,0.0,22000.0,2858000.0,955240.0,0.0,18000.0,2392000.0,0.0,3900000.0,960540.8159302006,1672245.1558333337,575323.4085037729,251822.67640959995,117545.76150299999,0.0,698633.3094169609,698633.3094169605,-22000.0,-18000.0,658633.3094169605,1346026.4743417208,2004659.7837586813,8169551.568653401,3309010.7527232,4860540.815930201,0.0,4.656612873077393e-10,65.0,68.0,30.0,0.085,0.34,0.012,0.01,-0.008628289940533324,-0.06378957456202274,676633.3094169605,3345121.0321715185,387340.21624131873,0,6266791.568653401,1902760.0,216000.0,2176000.0,1133010.7527231998,2176000.0,5.531096288001787
2026-08-01,Adverso 2026,1220726.1496000001,103761.72271600002,1116964.4268840002,855729.0308696,261235.39601440018,125000.0,42725.41523600001,37000.0,24000.0,28076.701440800003,256802.1166768,4433.279337600165,28580.0,-24146.720662399835,28704.0,-52850.720662399835,0.0,-52850.720662399835,2644906.657466667,1939652.4699710933,992142.8002126403,855729.0308696,25000.0,103761.72271600002,0.0,22000.0,2880000.0,983820.0,0.0,18000.0,2374000.0,0.0,3900000.0,907690.0952678008,1034712.5763999992,931960.2549142401,256802.1166768,96464.26715199999,0.0,-279218.0623430409,-279218.06234304095,-22000.0,-18000.0,-319218.06234304095,2004659.7837586813,1685441.7214156403,8166180.848853402,3358490.7535856,4807690.095267801,1.862645149230957e-09,5.820766091346741e-11,65.0,68.0,30.0,0.085,0.34,0.012,0.01,0.003969042550412909,-0.0473163866192567,-301218.06234304095,3600068.3738521603,688558.2785843597,0,6270000.848853401,1896180.0,216000.0,2158000.0,1200490.7535855998,2158000.0,5.222864757705378
2026-09-01,Adverso 2026,1302192.669,110686.37686500001,1191506.292135,912837.060969,278669.231166,125000.0,45576.743415000004,37000.0,24000.0,29950.431387,261527.174802,17142.05636400002,28800.0,-11657.943635999982,28488.0,-40145.94363599998,0.0,-40145.94363599998,2821417.4495,2069097.3381964,1042281.929194307,912837.060969,25000.0,110686.37686500001,0.0,120000.0,3000000.0,1012620.0,0.0,18000.0,2356000.0,0.0,3900000.0,867544.1516318009,1125681.8769666664,985173.8990949069,261527.174802,103761.72271600003,0.0,-253268.91964624048,-253268.91964624007,-120000.0,-18000.0,-391268.9196462401,1685441.7214156403,1294172.8017694002,8172067.589465801,3404523.437834,4767544.1516318,0.0,-4.0745362639427185e-10,65.0,68.0,30.0,0.085,0.34,0.012,0.01,0.01438687858985959,-0.03369343821429972,-373268.9196462401,3841991.349862401,1061827.1982305998,0,6184687.589465801,1987380.0,216000.0,2140000.0,1264523.4378340002,2140000.0,4.890923651094629
2026-10-01,Adverso 2026,1462629.5566,124323.51231100001,1338306.044289,1025303.3191766,313002.72511240013,125000.0,51192.034481,37000.0,24000.0,33640.4798018,270832.5142828,42170.21082960011,30000.0,12170.21082960011,28272.0,-16101.78917039989,0.0,-16101.78917039989,3169030.705966667,2324020.8568002935,1280226.8377804933,1025303.3191766,25000.0,124323.51231100001,0.0,22000.0,3022000.0,1042620.0,0.0,18000.0,2338000.0,0.0,3900000.0,851442.362461401,1115016.300133333,1167760.5795728932,270832.5142828,110686.37686500001,0.0,-462535.17058736016,-462535.17058736004,-22000.0,-18000.0,-502535.17058736004,1294172.8017694002,791637.6311820402,8264069.193949001,3512626.8314875998,4751442.362461401,0.0,-1.1641532182693481e-10,65.0,68.0,30.0,0.085,0.34,0.012,0.01,0.031510140008374404,-0.01203147011037693,-484535.17058736004,4318424.731279359,1546362.36881796,0,6284689.193949001,1979380.0,216000.0,2122000.0,1390626.8314875998,2122000.0,4.519321108759321
2026-11-01,Adverso 2026,1714949.8368,145770.73612800002,1569179.1006719999,1202179.8355967999,366999.2650752,125000.0,60023.244288,37000.0,24000.0,39443.8462464,285467.0905344,81532.17454079998,30220.0,51312.174540799984,28056.0,23256.174540799984,7907.099343871995,15349.075196927988,3715724.6463999995,2724940.9606860797,1603099.939482586,1202179.8355967999,25000.0,145770.73612800002,7907.099343871995,22000.0,3044000.0,1072840.0,0.0,18000.0,2320000.0,0.0,3900000.0,866791.437658329,1168255.8963666675,1426223.423062386,285467.0905344,124323.51231100003,0.0,-695814.1295411185,-695814.129541119,-22000.0,-18000.0,-735814.129541119,791637.6311820402,55823.501640921226,8467649.108727,3700857.671068672,4766791.437658329,0.0,4.656612873077393e-10,65.0,68.0,30.0,0.085,0.34,0.012,0.01,0.05195848868104596,0.009781595479034073,-717814.129541119,5059807.936017408,2264176.4983590785,0,6496489.108727001,1971160.0,216000.0,2104000.0,1596857.671068672,2104000.0,4.06829564489572
2026-12-01,Adverso 2026,1593416.6352,135440.413992,1457976.2212079999,1116985.0612751998,340991.1599328001,125000.0,55769.582232,37000.0,24000.0,36648.582609599995,278418.1648416,62572.99509120011,30440.0,32132.995091200108,27840.0,4292.995091200108,1459.6183310080366,2833.376760192071,3452402.7095999997,2531832.805557119,923876.906146239,1116985.0612751998,25000.0,135440.413992,1459.6183310080366,120000.0,3164000.0,1103280.0,0.0,18000.0,2302000.0,0.0,3900000.0,869624.8144185211,1856738.5719999997,1009071.6804678391,278418.1648416,145770.73612800002,7907.099343871995,387730.8912186886,387730.89121868834,-120000.0,-18000.0,249730.89121868834,55823.501640921226,305554.39285960956,8350509.908016728,3580885.093598208,4769624.814418521,0.0,2.3283064365386963e-10,65.0,68.0,30.0,0.085,0.34,0.012,0.01,0.04291770618820897,0.0019433628059067306,267730.89121868834,4705350.421558911,1996445.6071403904,0,6289789.908016728,2060720.0,216000.0,2086000.0,1494885.093598208,2086000.0,4.207540723332201
