Data,Produto,Regiao,Canal,Receita2024,Receita2025,EfeitoVolume,EfeitoPreco,Variacao,Check
2025-01-01,Estações de trabalho,Sudeste,Venda direta,219684.4,284888.73,52936,12268.32999999997,65204.32999999999,2.182787284255028e-11
2025-01-01,Estações de trabalho,Sudeste,Parceiros,114816,127807.68,7488,5503.680000000008,12991.67999999999,-1.455191522836685e-11
2025-01-01,Estações de trabalho,Sul,Venda direta,97931.6,121700.04,18527.6,5240.839999999986,23768.43999999999,0
2025-01-01,Estações de trabalho,Sul,Parceiros,49920,62599.68,9984,2695.680000000004,12679.68,-3.637978807091713e-12
2025-01-01,Estações de trabalho,Nordeste,Venda direta,68816.8,91275.03,18527.6,3930.629999999989,22458.23,4.547473508864641e-12
2025-01-01,Estações de trabalho,Nordeste,Parceiros,37440,41733.12,2496,1797.120000000003,4293.120000000003,0
2025-01-01,Equipamentos de rede,Sudeste,Venda direta,100782,126380.88,20156.4,5442.479999999994,25598.88,9.094947017729282e-12
2025-01-01,Equipamentos de rede,Sudeste,Parceiros,50688,59590.08,6336,2566.079999999999,8902.080000000002,2.728484105318785e-12
2025-01-01,Equipamentos de rede,Sul,Venda direta,45351.9,56169.28,8398.5,2418.879999999997,10817.38,0
2025-01-01,Equipamentos de rede,Sul,Parceiros,20592,28139.76,6336,1211.76,7547.759999999998,-1.13686837721616e-12
2025-01-01,Equipamentos de rede,Nordeste,Venda direta,33594,40371.67,5039.1,1738.569999999998,6777.669999999998,-2.273736754432321e-13
2025-01-01,Equipamentos de rede,Nordeste,Parceiros,15840,18208.08,1584,784.0799999999997,2368.080000000002,2.046363078989089e-12
2025-01-01,Periféricos profissionais,Sudeste,Venda direta,27689.6,35446.11,6230.16,1526.349999999999,7756.510000000002,3.183231456205249e-12
2025-01-01,Periféricos profissionais,Sudeste,Parceiros,13708.8,16372.32,1958.4,705.1199999999999,2663.52,6.821210263296962e-13
2025-01-01,Periféricos profissionais,Sul,Venda direta,12460.32,15914.58,2768.96,685.2999999999995,3454.26,6.821210263296962e-13
2025-01-01,Periféricos profissionais,Sul,Parceiros,6528,8186.16,1305.6,352.5599999999999,1658.16,0
2025-01-01,Periféricos profissionais,Nordeste,Venda direta,9691.36,10850.85,692.24,467.2499999999997,1159.49,1.13686837721616e-13
2025-01-01,Periféricos profissionais,Nordeste,Parceiros,4569.6,5457.44,652.8,235.04,887.8399999999992,-6.821210263296962e-13
2025-02-01,Estações de trabalho,Sudeste,Venda direta,230271.6,282122.82,39702,12149.21999999997,51851.22,3.456079866737127e-11
2025-02-01,Estações de trabalho,Sudeste,Parceiros,114816,140849.28,19968,6065.280000000009,26033.28,-1.000444171950221e-11
2025-02-01,Estações de trabalho,Sul,Venda direta,108518.8,127231.86,13234,5479.059999999985,18713.06,1.2732925824821e-11
2025-02-01,Estações de trabalho,Sul,Parceiros,49920,65208,12480,2808.000000000004,15288,-4.092726157978177e-12
2025-02-01,Estações de trabalho,Nordeste,Venda direta,76757.2,91275.03,10587.2,3930.629999999989,14517.83,1.182343112304807e-11
2025-02-01,Estações de trabalho,Nordeste,Parceiros,34944,44341.44,7488,1909.440000000003,9397.440000000002,-4.547473508864641e-13
2025-02-01,Equipamentos de rede,Sudeste,Venda direta,109180.5,121115.01,6718.8,5215.709999999995,11934.50999999999,0
2025-02-01,Equipamentos de rede,Sudeste,Parceiros,50688,62900.64,9504,2708.639999999999,12212.64,4.547473508864641e-13
2025-02-01,Equipamentos de rede,Sul,Venda direta,45351.9,57924.57,10078.2,2494.469999999998,12572.67,0
2025-02-01,Equipamentos de rede,Sul,Parceiros,23760,28139.76,3168,1211.76,4379.759999999998,-1.13686837721616e-12
2025-02-01,Equipamentos de rede,Nordeste,Venda direta,33594,42126.96,6718.8,1814.159999999998,8532.96,9.094947017729282e-13
2025-02-01,Equipamentos de rede,Nordeste,Parceiros,15840,19863.36,3168,855.3599999999997,4023.360000000001,9.094947017729282e-13
2025-02-01,Periféricos profissionais,Sudeste,Venda direta,29766.32,36892.89,5537.92,1588.649999999999,7126.57,9.094947017729282e-13
2025-02-01,Periféricos profissionais,Sudeste,Parceiros,15014.4,17736.68,1958.4,763.8799999999999,2722.280000000001,9.094947017729282e-13
2025-02-01,Periféricos profissionais,Sul,Venda direta,13844.8,15191.19,692.24,654.1499999999995,1346.390000000001,1.70530256582424e-12
2025-02-01,Periféricos profissionais,Sul,Parceiros,6528,7503.98,652.8,323.1799999999999,975.9799999999996,-3.410605131648481e-13
2025-02-01,Periféricos profissionais,Nordeste,Venda direta,9691.36,10850.85,692.24,467.2499999999997,1159.49,1.13686837721616e-13
2025-02-01,Periféricos profissionais,Nordeste,Parceiros,4569.6,5457.44,652.8,235.04,887.8399999999992,-6.821210263296962e-13
2025-03-01,Estações de trabalho,Sudeste,Venda direta,267326.8,329143.29,47642.4,14174.08999999996,61816.48999999999,2.91038304567337e-11
2025-03-01,Estações de trabalho,Sudeste,Parceiros,132288,169540.8,29952,7300.80000000001,37252.79999999999,-2.182787284255028e-11
2025-03-01,Estações de trabalho,Sul,Venda direta,129693.2,157656.87,21174.4,6789.269999999981,27963.67,1.546140993013978e-11
2025-03-01,Estações de trabalho,Sul,Parceiros,59904,73032.96,9984,3144.960000000005,13128.96000000001,1.818989403545856e-12
2025-03-01,Estações de trabalho,Nordeste,Venda direta,84697.6,105104.58,15880.8,4526.179999999988,20406.98,7.275957614183426e-12
2025-03-01,Estações de trabalho,Nordeste,Parceiros,44928,54774.72,7488,2358.720000000003,9846.720000000001,-2.273736754432321e-12
2025-03-01,Equipamentos de rede,Sudeste,Venda direta,122618.1,143933.78,15117.3,6198.379999999994,21315.67999999999,-1.818989403545856e-12
2025-03-01,Equipamentos de rede,Sudeste,Parceiros,57024,72832.32,12672,3136.319999999999,15808.32000000001,8.185452315956354e-12
2025-03-01,Equipamentos de rede,Sul,Venda direta,60469.2,64945.73,1679.7,2796.829999999997,4476.530000000006,9.094947017729282e-12
2025-03-01,Equipamentos de rede,Sul,Parceiros,28512,34760.88,4752,1496.879999999999,6248.879999999997,-2.046363078989089e-12
2025-03-01,Equipamentos de rede,Nordeste,Venda direta,40312.8,50903.41,8398.5,2192.109999999998,10590.61,2.728484105318785e-12
2025-03-01,Equipamentos de rede,Nordeste,Parceiros,19008,24829.2,4752,1069.2,5821.200000000001,1.13686837721616e-12
2025-03-01,Periféricos profissionais,Sudeste,Venda direta,35304.24,39786.45,2768.96,1713.249999999999,4482.209999999999,4.547473508864641e-13
2025-03-01,Periféricos profissionais,Sudeste,Parceiros,16320,20465.4,3264,881.3999999999999,4145.400000000001,1.591615728102624e-12
2025-03-01,Periféricos profissionais,Sul,Venda direta,17306,19531.53,1384.48,841.0499999999994,2225.529999999999,-5.684341886080801e-13
2025-03-01,Periféricos profissionais,Sul,Parceiros,7833.6,8868.34,652.8,381.9399999999999,1034.74,-1.13686837721616e-13
2025-03-01,Periféricos profissionais,Nordeste,Venda direta,10383.6,13021.02,2076.72,560.6999999999996,2637.42,2.273736754432321e-13
2025-03-01,Periféricos profissionais,Nordeste,Parceiros,5222.4,6821.8,1305.6,293.8,1599.400000000001,6.821210263296962e-13
2025-04-01,Estações de trabalho,Sudeste,Venda direta,285854.4,334675.11,34408.4,14412.30999999996,48820.70999999996,0
2025-04-01,Estações de trabalho,Sudeste,Parceiros,127296,166932.48,32448,7188.48000000001,39636.48000000001,0
2025-04-01,Estações de trabalho,Sul,Venda direta,121752.8,160422.78,31761.6,6908.379999999981,38669.98,1.2732925824821e-11
2025-04-01,Estações de trabalho,Sul,Parceiros,62400,78249.6,12480,3369.600000000005,15849.60000000001,9.094947017729282e-13
2025-04-01,Estações de trabalho,Nordeste,Venda direta,89991.2,105104.58,10587.2,4526.179999999988,15113.38,1.637090463191271e-11
2025-04-01,Estações de trabalho,Nordeste,Parceiros,42432,54774.72,9984,2358.720000000003,12342.72,-2.273736754432321e-12
2025-04-01,Equipamentos de rede,Sudeste,Venda direta,122618.1,138667.91,10078.2,5971.609999999993,16049.81,3.637978807091713e-12
2025-04-01,Equipamentos de rede,Sudeste,Parceiros,55440,69521.76,11088,2993.759999999999,14081.75999999999,-4.092726157978177e-12
2025-04-01,Equipamentos de rede,Sul,Venda direta,55430.1,68456.31,10078.2,2948.009999999997,13026.21,1.818989403545856e-12
2025-04-01,Equipamentos de rede,Sul,Parceiros,26928,31450.32,3168,1354.319999999999,4522.32,2.273736754432321e-13
2025-04-01,Equipamentos de rede,Nordeste,Venda direta,36953.4,47392.83,8398.5,2040.929999999998,10439.43,2.501110429875553e-12
2025-04-01,Equipamentos de rede,Nordeste,Parceiros,19008,21518.64,1584,926.6399999999996,2510.639999999999,-2.273736754432321e-13
2025-04-01,Periféricos profissionais,Sudeste,Venda direta,35996.48,39786.45,2076.72,1713.249999999999,3789.969999999994,-5.002220859751105e-12
2025-04-01,Periféricos profissionais,Sudeste,Parceiros,16320,19101.04,1958.4,822.6399999999999,2781.040000000001,1.13686837721616e-12
2025-04-01,Periféricos profissionais,Sul,Venda direta,16613.76,19531.53,2076.72,841.0499999999994,2917.77,7.958078640513122e-13
2025-04-01,Periféricos profissionais,Sul,Parceiros,7833.6,8868.34,652.8,381.9399999999999,1034.74,-1.13686837721616e-13
2025-04-01,Periféricos profissionais,Nordeste,Venda direta,11075.84,13021.02,1384.48,560.6999999999996,1945.18,6.821210263296962e-13
2025-04-01,Periféricos profissionais,Nordeste,Parceiros,5875.2,6821.8,652.8,293.8,946.6000000000004,4.547473508864641e-13
2025-05-01,Estações de trabalho,Sudeste,Venda direta,283207.6,342972.84,44995.60000000001,14769.63999999996,59765.24000000005,8.36735125631094e-11
2025-05-01,Estações de trabalho,Sudeste,Parceiros,144768,164324.16,12480,7076.160000000011,19556.16,-7.275957614183426e-12
2025-05-01,Estações de trabalho,Sul,Venda direta,129693.2,168720.51,31761.6,7265.70999999998,39027.31000000001,3.001332515850663e-11
2025-05-01,Estações de trabalho,Sul,Parceiros,62400,80857.92,14976,3481.920000000005,18457.92,-6.821210263296962e-12
2025-05-01,Estações de trabalho,Nordeste,Venda direta,95284.8,110636.4,10587.2,4764.399999999987,15351.59999999999,3.637978807091713e-12
2025-05-01,Estações de trabalho,Nordeste,Parceiros,44928,54774.72,7488,2358.720000000003,9846.720000000001,-2.273736754432321e-12
2025-05-01,Equipamentos de rede,Sudeste,Venda direta,124297.8,152710.23,21836.1,6576.329999999993,28412.43000000001,1.2732925824821e-11
2025-05-01,Equipamentos de rede,Sudeste,Parceiros,58608,76142.88,14256,3278.879999999999,17534.88,5.911715561524034e-12
2025-05-01,Equipamentos de rede,Sul,Venda direta,58789.5,73722.18,11757.9,3174.779999999997,14932.67999999999,-3.183231456205249e-12
2025-05-01,Equipamentos de rede,Sul,Parceiros,30096,34760.88,3168,1496.879999999999,4664.879999999997,-2.046363078989089e-12
2025-05-01,Equipamentos de rede,Nordeste,Venda direta,38633.1,49148.12,8398.5,2116.519999999998,10515.02,6.366462912410498e-12
2025-05-01,Equipamentos de rede,Nordeste,Parceiros,19008,23173.92,3168,997.9199999999996,4165.919999999998,-1.364242052659392e-12
2025-05-01,Periféricos profissionais,Sudeste,Venda direta,36688.72,44850.18,6230.16,1931.299999999999,8161.459999999999,6.821210263296962e-13
2025-05-01,Periféricos profissionais,Sudeste,Parceiros,18278.4,22511.94,3264,969.5399999999998,4233.539999999997,-2.614797267597169e-12
2025-05-01,Periféricos profissionais,Sul,Venda direta,15921.52,19531.53,2768.96,841.0499999999994,3610.009999999998,-1.023181539494544e-12
2025-05-01,Periféricos profissionais,Sul,Parceiros,8486.4,9550.52,652.8,411.3199999999999,1064.120000000001,9.094947017729282e-13
2025-05-01,Periféricos profissionais,Nordeste,Venda direta,11075.84,14467.8,2768.96,622.9999999999995,3391.959999999999,-4.547473508864641e-13
2025-05-01,Periféricos profissionais,Nordeste,Parceiros,5875.2,6821.8,652.8,293.8,946.6000000000004,4.547473508864641e-13
2025-06-01,Estações de trabalho,Sudeste,Venda direta,307028.8,362334.21,39702,15603.40999999996,55305.41000000003,7.639755494892597e-11
2025-06-01,Estações de trabalho,Sudeste,Parceiros,137280,164324.16,19968,7076.160000000011,27044.16,-7.275957614183426e-12
2025-06-01,Estações de trabalho,Sul,Venda direta,132340,165954.6,26468,7146.59999999998,33614.60000000001,2.546585164964199e-11
2025-06-01,Estações de trabalho,Sul,Parceiros,69888,83466.24,9984,3594.240000000005,13578.24000000001,0
2025-06-01,Estações de trabalho,Nordeste,Venda direta,95284.8,110636.4,10587.2,4764.399999999987,15351.59999999999,3.637978807091713e-12
2025-06-01,Estações de trabalho,Nordeste,Parceiros,44928,54774.72,7488,2358.720000000003,9846.720000000001,-2.273736754432321e-12
2025-06-01,Equipamentos de rede,Sudeste,Venda direta,134376,150954.94,10078.2,6500.739999999993,16578.94,9.094947017729282e-12
2025-06-01,Equipamentos de rede,Sudeste,Parceiros,66528,77798.16,7920,3350.159999999999,11270.16,4.547473508864641e-12
2025-06-01,Equipamentos de rede,Sul,Venda direta,57109.8,73722.18,13437.6,3174.779999999997,16612.37999999999,-6.821210263296962e-12
2025-06-01,Equipamentos de rede,Sul,Parceiros,26928,36416.16,7920,1568.159999999999,9488.160000000003,4.092726157978177e-12
2025-06-01,Equipamentos de rede,Nordeste,Venda direta,40312.8,49148.12,6718.8,2116.519999999998,8835.32,1.818989403545856e-12
2025-06-01,Equipamentos de rede,Nordeste,Parceiros,20592,23173.92,1584,997.9199999999996,2581.919999999998,-1.364242052659392e-12
2025-06-01,Periféricos profissionais,Sudeste,Venda direta,34612,44850.18,8306.880000000001,1931.299999999999,10238.18,6.821210263296962e-13
2025-06-01,Periféricos profissionais,Sudeste,Parceiros,18931.2,22511.94,2611.2,969.5399999999998,3580.739999999998,-1.70530256582424e-12
2025-06-01,Periféricos profissionais,Sul,Venda direta,16613.76,20254.92,2768.96,872.1999999999994,3641.16,4.547473508864641e-13
2025-06-01,Periféricos profissionais,Sul,Parceiros,8486.4,9550.52,652.8,411.3199999999999,1064.120000000001,9.094947017729282e-13
2025-06-01,Periféricos profissionais,Nordeste,Venda direta,11075.84,14467.8,2768.96,622.9999999999995,3391.959999999999,-4.547473508864641e-13
2025-06-01,Periféricos profissionais,Nordeste,Parceiros,5875.2,6821.8,652.8,293.8,946.6000000000004,4.547473508864641e-13
2025-07-01,Estações de trabalho,Sudeste,Venda direta,251446,262761.45,0,11315.44999999997,11315.45000000001,4.365574568510056e-11
2025-07-01,Estações de trabalho,Sudeste,Parceiros,129792,138240.96,2496,5952.960000000008,8448.959999999992,-1.637090463191271e-11
2025-07-01,Estações de trabalho,Sul,Venda direta,129693.2,121700.04,-13234,5240.839999999986,-7993.160000000003,1.091393642127514e-11
2025-07-01,Estações de trabalho,Sul,Parceiros,59904,65208,2496,2808.000000000004,5304,-4.092726157978177e-12
2025-07-01,Estações de trabalho,Nordeste,Venda direta,89991.2,88509.12,-5293.6,3811.51999999999,-1482.080000000002,9.094947017729282e-12
2025-07-01,Estações de trabalho,Nordeste,Parceiros,39936,44341.44,2496,1909.440000000003,4405.440000000002,-4.547473508864641e-13
2025-07-01,Equipamentos de rede,Sudeste,Venda direta,109180.5,149199.65,33594,6425.149999999993,40019.14999999999,9.094947017729282e-13
2025-07-01,Equipamentos de rede,Sudeste,Parceiros,55440,69521.76,11088,2993.759999999999,14081.75999999999,-4.092726157978177e-12
2025-07-01,Equipamentos de rede,Sul,Venda direta,50391,63190.44,10078.2,2721.239999999997,12799.44,4.547473508864641e-12
2025-07-01,Equipamentos de rede,Sul,Parceiros,26928,31450.32,3168,1354.319999999999,4522.32,2.273736754432321e-13
2025-07-01,Equipamentos de rede,Nordeste,Venda direta,35273.7,47392.83,10078.2,2040.929999999998,12119.13,6.139089236967266e-12
2025-07-01,Equipamentos de rede,Nordeste,Parceiros,19008,21518.64,1584,926.6399999999996,2510.639999999999,-2.273736754432321e-13
2025-07-01,Periféricos profissionais,Sudeste,Venda direta,31843.04,39063.06,5537.92,1682.099999999999,7220.019999999997,-2.046363078989089e-12
2025-07-01,Periféricos profissionais,Sudeste,Parceiros,15667.2,19101.04,2611.2,822.6399999999999,3433.84,4.547473508864641e-13
2025-07-01,Periféricos profissionais,Sul,Venda direta,15921.52,17361.36,692.24,747.5999999999995,1439.84,6.821210263296962e-13
2025-07-01,Periféricos profissionais,Sul,Parceiros,7833.6,8868.34,652.8,381.9399999999999,1034.74,-1.13686837721616e-13
2025-07-01,Periféricos profissionais,Nordeste,Venda direta,10383.6,13744.41,2768.96,591.8499999999996,3360.809999999999,-1.13686837721616e-13
2025-07-01,Periféricos profissionais,Nordeste,Parceiros,5222.4,6139.62,652.8,264.42,917.2200000000003,3.410605131648481e-13
2025-08-01,Estações de trabalho,Sudeste,Venda direta,275267.2,290420.55,2646.8,12506.54999999997,15153.34999999998,1.091393642127514e-11
2025-08-01,Estações de trabalho,Sudeste,Parceiros,134784,146065.92,4992,6289.920000000009,11281.92000000001,3.637978807091713e-12
2025-08-01,Estações de trabalho,Sul,Venda direta,132340,135529.59,-2646.8,5836.389999999984,3189.589999999997,1.2732925824821e-11
2025-08-01,Estações de trabalho,Sul,Parceiros,64896,70424.64,2496,3032.640000000004,5528.639999999999,-5.002220859751105e-12
2025-08-01,Estações de trabalho,Nordeste,Venda direta,92638,94040.94,-2646.8,4049.739999999989,1402.940000000002,1.364242052659392e-11
2025-08-01,Estações de trabalho,Nordeste,Parceiros,47424,46949.76,-2496,2021.760000000003,-474.239999999998,-9.094947017729282e-13
2025-08-01,Equipamentos de rede,Sudeste,Venda direta,124297.8,143933.78,13437.6,6198.379999999994,19635.98,1.818989403545856e-12
2025-08-01,Equipamentos de rede,Sudeste,Parceiros,60192,77798.16,14256,3350.159999999999,17606.16,4.547473508864641e-12
2025-08-01,Equipamentos de rede,Sul,Venda direta,57109.8,66701.02,6718.8,2872.419999999997,9591.220000000001,4.092726157978177e-12
2025-08-01,Equipamentos de rede,Sul,Parceiros,28512,34760.88,4752,1496.879999999999,6248.879999999997,-2.046363078989089e-12
2025-08-01,Equipamentos de rede,Nordeste,Venda direta,41992.5,50903.41,6718.8,2192.109999999998,8910.910000000003,5.456968210637569e-12
2025-08-01,Equipamentos de rede,Nordeste,Parceiros,19008,24829.2,4752,1069.2,5821.200000000001,1.13686837721616e-12
2025-08-01,Periféricos profissionais,Sudeste,Venda direta,34612,44126.79,7614.64,1900.149999999999,9514.79,1.818989403545856e-12
2025-08-01,Periféricos profissionais,Sudeste,Parceiros,17625.6,21829.76,3264,940.1599999999999,4204.16,0
2025-08-01,Periféricos profissionais,Sul,Venda direta,16613.76,19531.53,2076.72,841.0499999999994,2917.77,7.958078640513122e-13
2025-08-01,Periféricos profissionais,Sul,Parceiros,8486.4,9550.52,652.8,411.3199999999999,1064.120000000001,9.094947017729282e-13
2025-08-01,Periféricos profissionais,Nordeste,Venda direta,11768.08,13744.41,1384.48,591.8499999999996,1976.33,3.410605131648481e-13
2025-08-01,Periféricos profissionais,Nordeste,Parceiros,5875.2,7503.98,1305.6,323.1799999999999,1628.78,-1.13686837721616e-13
2025-09-01,Estações de trabalho,Sudeste,Venda direta,293794.8,323611.47,15880.8,13935.86999999996,29816.66999999998,2.000888343900442e-11
2025-09-01,Estações de trabalho,Sudeste,Parceiros,134784,143457.6,2496,6177.600000000009,8673.600000000006,-3.637978807091713e-12
2025-09-01,Estações de trabalho,Sul,Venda direta,134986.8,154890.96,13234,6670.159999999982,19904.16,2.182787284255028e-11
2025-09-01,Estações de trabalho,Sul,Parceiros,64896,67816.32,0,2920.320000000004,2920.320000000007,2.728484105318785e-12
2025-09-01,Estações de trabalho,Nordeste,Venda direta,97931.6,96806.85,-5293.6,4168.849999999989,-1124.75,1.182343112304807e-11
2025-09-01,Estações de trabalho,Nordeste,Parceiros,44928,49558.08,2496,2134.080000000003,4630.080000000002,-1.364242052659392e-12
2025-09-01,Equipamentos de rede,Sudeste,Venda direta,136055.7,166752.55,23515.8,7181.049999999992,30696.84999999998,-1.455191522836685e-11
2025-09-01,Equipamentos de rede,Sudeste,Parceiros,61776,77798.16,12672,3350.159999999999,16022.16,4.547473508864641e-12
2025-09-01,Equipamentos de rede,Sul,Venda direta,60469.2,71966.89,8398.5,3099.189999999997,11497.69,5.456968210637569e-12
2025-09-01,Equipamentos de rede,Sul,Parceiros,30096,36416.16,4752,1568.159999999999,6320.160000000003,4.092726157978177e-12
2025-09-01,Equipamentos de rede,Nordeste,Venda direta,40312.8,50903.41,8398.5,2192.109999999998,10590.61,2.728484105318785e-12
2025-09-01,Equipamentos de rede,Nordeste,Parceiros,20592,24829.2,3168,1069.2,4237.200000000001,1.13686837721616e-12
2025-09-01,Periféricos profissionais,Sudeste,Venda direta,35996.48,44126.79,6230.16,1900.149999999999,8130.309999999998,-9.094947017729282e-13
2025-09-01,Periféricos profissionais,Sudeste,Parceiros,18931.2,23194.12,3264,998.9199999999998,4262.919999999998,-1.591615728102624e-12
2025-09-01,Periféricos profissionais,Sul,Venda direta,16613.76,20978.31,3461.2,903.3499999999993,4364.550000000003,3.751665644813329e-12
2025-09-01,Periféricos profissionais,Sul,Parceiros,8486.4,10232.7,1305.6,440.6999999999999,1746.300000000001,1.250555214937776e-12
2025-09-01,Periféricos profissionais,Nordeste,Venda direta,12460.32,14467.8,1384.48,622.9999999999995,2007.48,0
2025-09-01,Periféricos profissionais,Nordeste,Parceiros,5875.2,7503.98,1305.6,323.1799999999999,1628.78,-1.13686837721616e-13
2025-10-01,Estações de trabalho,Sudeste,Venda direta,333496.8,370631.94,21174.4,15960.73999999996,37135.14000000001,5.638867150992155e-11
2025-10-01,Estações de trabalho,Sudeste,Parceiros,149760,185190.72,27456,7974.720000000012,35430.72,-1.091393642127514e-11
2025-10-01,Estações de trabalho,Sul,Venda direta,153514.4,171486.42,10587.2,7384.81999999998,17972.02000000002,3.819877747446299e-11
2025-10-01,Estações de trabalho,Sul,Parceiros,74880,80857.92,2496,3481.920000000005,5977.919999999998,-6.821210263296962e-12
2025-10-01,Estações de trabalho,Nordeste,Venda direta,100578.4,118934.13,13234,5121.729999999986,18355.73000000001,2.455635694786906e-11
2025-10-01,Estações de trabalho,Nordeste,Parceiros,52416,62599.68,7488,2695.680000000004,10183.68,-3.637978807091713e-12
2025-10-01,Equipamentos de rede,Sudeste,Venda direta,142774.5,163241.97,13437.6,7029.869999999993,20467.47,8.185452315956354e-12
2025-10-01,Equipamentos de rede,Sudeste,Parceiros,68112,84419.28,12672,3635.279999999999,16307.28,0
2025-10-01,Equipamentos de rede,Sul,Venda direta,62148.9,77232.76,11757.9,3325.959999999996,15083.85999999999,-2.728484105318785e-12
2025-10-01,Equipamentos de rede,Sul,Parceiros,30096,36416.16,4752,1568.159999999999,6320.160000000003,4.092726157978177e-12
2025-10-01,Equipamentos de rede,Nordeste,Venda direta,45351.9,54413.99,6718.8,2343.289999999997,9062.089999999997,-9.094947017729282e-13
2025-10-01,Equipamentos de rede,Nordeste,Parceiros,22176,26484.48,3168,1140.48,4308.48,0
2025-10-01,Periféricos profissionais,Sudeste,Venda direta,38073.2,44850.18,4845.68,1931.299999999999,6776.980000000003,4.320099833421409e-12
2025-10-01,Periféricos profissionais,Sudeste,Parceiros,17625.6,24558.48,5875.2,1057.68,6932.880000000001,1.364242052659392e-12
2025-10-01,Periféricos profissionais,Sul,Venda direta,17998.24,21701.7,2768.96,934.4999999999993,3703.459999999999,-2.273736754432321e-13
2025-10-01,Periféricos profissionais,Sul,Parceiros,9139.2,10232.7,652.8,440.6999999999999,1093.5,1.13686837721616e-13
2025-10-01,Periféricos profissionais,Nordeste,Venda direta,12460.32,15914.58,2768.96,685.2999999999995,3454.26,6.821210263296962e-13
2025-10-01,Periféricos profissionais,Nordeste,Parceiros,5875.2,6821.8,652.8,293.8,946.6000000000004,4.547473508864641e-13
2025-11-01,Estações de trabalho,Sudeste,Venda direta,383786,450843.33,47642.4,19414.92999999995,67057.33000000002,6.912159733474255e-11
2025-11-01,Estações de trabalho,Sudeste,Parceiros,169728,206057.28,27456,8873.280000000013,36329.28,-1.455191522836685e-11
2025-11-01,Estações de trabalho,Sul,Venda direta,166748.4,204677.34,29114.8,8814.139999999976,37928.94,2.364686224609613e-11
2025-11-01,Estações de trabalho,Sul,Parceiros,82368,93899.52,7488,4043.520000000006,11531.52,-1.818989403545856e-12
2025-11-01,Estações de trabalho,Nordeste,Venda direta,116459.2,149359.14,26468,6431.939999999982,32899.94000000002,3.456079866737127e-11
2025-11-01,Estações de trabalho,Nordeste,Parceiros,52416,67816.32,12480,2920.320000000004,15400.32000000001,2.728484105318785e-12
2025-11-01,Equipamentos de rede,Sudeste,Venda direta,154532.4,180794.87,18476.7,7785.769999999991,26262.47,9.094947017729282e-12
2025-11-01,Equipamentos de rede,Sudeste,Parceiros,74448,92695.68,14256,3991.679999999998,18247.67999999999,-5.456968210637569e-12
2025-11-01,Equipamentos de rede,Sul,Venda direta,70547.4,91275.08,16797,3930.679999999996,20727.68000000001,1.182343112304807e-11
2025-11-01,Equipamentos de rede,Sul,Parceiros,38016,44692.56,4752,1924.559999999999,6676.559999999998,-1.591615728102624e-12
2025-11-01,Equipamentos de rede,Nordeste,Venda direta,50391,63190.44,10078.2,2721.239999999997,12799.44,4.547473508864641e-12
2025-11-01,Equipamentos de rede,Nordeste,Parceiros,26928,31450.32,3168,1354.319999999999,4522.32,2.273736754432321e-13
2025-11-01,Periféricos profissionais,Sudeste,Venda direta,42226.64,57147.81,12460.32,2460.849999999998,14921.17,4.547473508864641e-13
2025-11-01,Periféricos profissionais,Sudeste,Parceiros,22848,25922.84,1958.4,1116.44,3074.84,4.547473508864641e-13
2025-11-01,Periféricos profissionais,Sul,Venda direta,20767.2,26765.43,4845.68,1152.549999999999,5998.23,0
2025-11-01,Periféricos profissionais,Sul,Parceiros,10444.8,11597.06,652.8,499.4599999999999,1152.26,3.410605131648481e-13
2025-11-01,Periféricos profissionais,Nordeste,Venda direta,15229.28,17361.36,1384.48,747.5999999999995,2132.08,4.547473508864641e-13
2025-11-01,Periféricos profissionais,Nordeste,Parceiros,6528,8868.34,1958.4,381.9399999999999,2340.34,3.410605131648481e-13
2025-12-01,Estações de trabalho,Sudeste,Venda direta,341437.2,412120.59,52936,17747.38999999995,70683.39000000001,6.184563972055912e-11
2025-12-01,Estações de trabalho,Sudeste,Parceiros,167232,206057.28,29952,8873.280000000013,38825.28,-1.455191522836685e-11
2025-12-01,Estações de trabalho,Sul,Venda direta,148220.8,185315.97,29114.8,7980.369999999978,37095.17000000001,3.183231456205249e-11
2025-12-01,Estações de trabalho,Sul,Parceiros,69888,91291.2,17472,3931.200000000006,21403.2,-8.640199666842818e-12
2025-12-01,Estações de trabalho,Nordeste,Venda direta,111165.6,132763.68,15880.8,5717.279999999984,21598.07999999999,1.818989403545856e-12
2025-12-01,Estações de trabalho,Nordeste,Parceiros,49920,62599.68,9984,2695.680000000004,12679.68,-3.637978807091713e-12
2025-12-01,Equipamentos de rede,Sudeste,Venda direta,139415.1,175529,28554.9,7558.999999999992,36113.89999999999,9.094947017729282e-13
2025-12-01,Equipamentos de rede,Sudeste,Parceiros,74448,91040.4,12672,3920.399999999999,16592.39999999999,-4.547473508864641e-12
2025-12-01,Equipamentos de rede,Sul,Venda direta,63828.6,82498.63,15117.3,3552.729999999996,18670.03000000001,9.094947017729282e-12
2025-12-01,Equipamentos de rede,Sul,Parceiros,34848,39726.72,3168,1710.719999999999,4878.720000000001,1.818989403545856e-12
2025-12-01,Equipamentos de rede,Nordeste,Venda direta,50391,56169.28,3359.4,2418.879999999997,5778.279999999999,1.364242052659392e-12
2025-12-01,Equipamentos de rede,Nordeste,Parceiros,23760,28139.76,3168,1211.76,4379.759999999998,-1.13686837721616e-12
2025-12-01,Periféricos profissionais,Sudeste,Venda direta,38765.44,48467.13,7614.64,2087.049999999998,9701.689999999995,-3.637978807091713e-12
2025-12-01,Periféricos profissionais,Sudeste,Parceiros,19584,25922.84,5222.4,1116.44,6338.84,6.821210263296962e-13
2025-12-01,Periféricos profissionais,Sul,Venda direta,18690.48,22425.09,2768.96,965.6499999999993,3734.610000000001,1.250555214937776e-12
2025-12-01,Periféricos profissionais,Sul,Parceiros,9792,10914.88,652.8,470.0799999999999,1122.879999999999,-6.821210263296962e-13
2025-12-01,Periféricos profissionais,Nordeste,Venda direta,13152.56,16637.97,2768.96,716.4499999999995,3485.410000000002,2.160049916710705e-12
2025-12-01,Periféricos profissionais,Nordeste,Parceiros,7180.8,7503.98,0,323.1799999999999,323.1799999999994,-5.684341886080801e-13
