Data,Cenario,Quantidade,TicketMedio,CMVPercentual,TaxaComercial,TaxaLogistica,ReceitaBruta,CMV,Pessoal,Comercial,Administrativo,Tecnologia,Logistica,DSO,DIO,DPO,TaxaVenda,TaxaIR,TaxaJuros,TaxaDep,Capex,Captacao,Amortizacao,Dividendos
2024-01-01,Realizado,499,1863.936633266533,0.6615601573664237,0.0360000024943437,0.02200000391353925,930104.38,615320,95000,33483.76,32000,18000,20462.3,40,46,35,0.085,0.34,0.012,0.01,18000,0,18000,0
2024-02-01,Realizado,523,1860.528642447419,0.66091744232565,0.0359999966291782,0.02199999736911469,973056.48,643110,95000,35030.03,32000,18000,21407.24,40,46,35,0.085,0.34,0.012,0.01,18000,0,18000,0
2024-03-01,Realizado,612,1861.358725490196,0.6608690534711474,0.03600000400297926,0.02199999659395624,1139151.54,752830,95000,41009.46,32000,18000,25061.33,40,46,35,0.085,0.34,0.012,0.01,90000,0,18000,0
2024-04-01,Realizado,611,1865.497348608838,0.6614559674603739,0.03600000028074636,0.0220000040708222,1139818.88,753940,95000,41033.48,32000,18000,25076.02,40,46,35,0.085,0.34,0.012,0.01,18000,0,18000,0
2024-05-01,Realizado,635,1867.779653543307,0.6620518254324086,0.03599999757175154,0.02199999851607038,1186040.08,785220,95000,42697.44,32000,18000,26092.88,40,46,35,0.085,0.34,0.012,0.01,18000,0,18000,0
2024-06-01,Realizado,654,1877.967278287462,0.6619005226061817,0.0359999986972706,0.0219999973945412,1228190.6,812940,95000,44214.86,32000,18000,27020.19,40,46,35,0.085,0.34,0.012,0.01,90000,0,18000,0
2024-07-01,Realizado,578,1875.181591695502,0.6626716917916766,0.03600000132859105,0.02200000081191675,1083854.96,718240,98800,39018.78,32000,18000,23844.81,40,46,35,0.085,0.34,0.012,0.01,18000,0,18000,0
2024-08-01,Realizado,629,1865.568108108108,0.6616004668793526,0.03599999638669932,0.02199999873875354,1173442.34,776350,98800,42243.92,32000,18000,25815.73,40,46,35,0.085,0.34,0.012,0.01,18000,0,18000,0
2024-09-01,Realizado,654,1863.893363914373,0.6608113860118489,0.0360000038064416,0.02200000187040664,1218986.26,805520,98800,43883.51,32000,18000,26817.7,40,46,35,0.085,0.34,0.012,0.01,90000,0,18000,0
2024-10-01,Realizado,707,1890.348882602546,0.662510634491739,0.03600000017957666,0.02200000260386141,1336476.66,885430,98800,48113.16,32000,18000,29402.49,40,46,35,0.085,0.34,0.012,0.01,18000,0,18000,0
2024-11-01,Realizado,800,1880.5154,0.6622386607416243,0.03599999766021592,0.02199999930870015,1504412.32,996280,98800,54158.84,32000,18000,33097.07,40,46,35,0.085,0.34,0.012,0.01,18000,0,18000,0
2024-12-01,Realizado,735,1879.890585034014,0.6623123919254296,0.03599999646816903,0.02199999944996075,1381719.58,915130,98800,49741.9,32000,18000,30397.83,40,46,35,0.085,0.34,0.012,0.01,90000,0,18000,0
2025-01-01,Realizado,590,1951.002525423729,0.683682910382736,0.03599999683778394,0.02199999758490092,1151091.49,786981.58,105925,41439.29,33920,20160,25324.01,47,52,35,0.085,0.34,0.012,0.01,18000,0,18000,0
2025-02-01,Realizado,602,1954.703920265781,0.6847841516574686,0.03599999714463387,0.02200000108775852,1176731.76,805807.26,105925,42362.34,33920,20160,25888.1,47,52,35,0.085,0.34,0.012,0.01,18000,0,18000,0
2025-03-01,Realizado,709,1960.441579689704,0.6851252273925678,0.0359999993668851,0.02200000161156519,1389953.08,952291.92,105925,50038.31,33920,20160,30578.97,47,52,35,0.085,0.34,0.012,0.01,90000,0,18000,0
2025-04-01,Realizado,702,1971.933361823362,0.6863343119333867,0.03600000005779105,0.02200000083797033,1384297.22,950090.68,105925,49834.7,33920,48160,30454.54,47,52,35,0.085,0.34,0.012,0.01,18000,350000,18000,0
2025-05-01,Realizado,744,1948.492647849462,0.6841643712554673,0.03600000201423967,0.02200000161415096,1449678.53,991818.4,105925,52188.43,33920,48160,31892.93,47,52,35,0.085,0.34,0.012,0.01,18000,0,18000,0
2025-06-01,Realizado,753,1953.733027888446,0.6846361210901346,0.03599999665570247,0.02199999908915474,1471160.97,1007209.94,105925,52961.79,33920,20160,32365.54,47,52,35,0.085,0.34,0.012,0.01,90000,0,18000,0
2025-07-01,Realizado,635,1901.279496062992,0.6792646424064134,0.03600000059636591,0.02199999622301593,1207312.48,820084.68,110162,43463.25,33920,20160,26560.87,60,62,35,0.085,0.34,0.012,0.01,18000,0,18000,0
2025-08-01,Realizado,685,1895.831883211679,0.6800412805705984,0.03599999673505806,0.02200000271051783,1298644.84,883132.1,110162,46751.21,33920,20160,28570.19,60,62,35,0.085,0.34,0.012,0.01,18000,0,18000,0
2025-09-01,Realizado,727,1905.517675378267,0.6793425319152983,0.03600000101060314,0.02200000021655781,1385311.35,941100.92,110162,49871.21,33920,20160,30476.85,60,62,35,0.085,0.34,0.012,0.01,90000,0,18000,0
2025-10-01,Realizado,797,1952.307264742786,0.6844694501642616,0.03599999997429287,0.02200000284063725,1555988.89,1065026.86,110162,56015.6,33920,20160,34231.76,47,52,35,0.085,0.34,0.012,0.01,18000,0,18000,0
2025-11-01,Realizado,933,1955.428424437299,0.6847327563767958,0.03600000004384968,0.02199999789521541,1824414.72,1249236.52,110162,65678.93,33920,20160,40137.12,47,52,35,0.085,0.34,0.012,0.01,18000,0,18000,0
2025-12-01,Realizado,863,1964.222572421785,0.6854413630888896,0.03600000184057323,0.02200000014158256,1695124.08,1161908.16,110162,61024.47,33920,20160,37292.73,47,52,35,0.085,0.34,0.012,0.01,90000,0,18000,0
2024-01-01,Orçamento,499,1779.559118236473,0.651,0.034,0.021,888000,578088,95000,30192,33000,19000,18648,40,45,36,0.085,0.34,0.012,0.01,18000,0,18000,0
2024-02-01,Orçamento,523,1761.567877629063,0.651,0.034,0.021,921300,599766.3,95000,31324.2,33000,19000,19347.3,40,45,36,0.085,0.34,0.012,0.01,18000,0,18000,0
2024-03-01,Orçamento,612,1795.588235294118,0.651,0.034,0.021,1098900,715383.9,95000,37362.6,33000,19000,23076.9,40,45,36,0.085,0.34,0.012,0.01,90000,0,18000,0
2024-04-01,Orçamento,611,1762.193126022913,0.651,0.034,0.021,1076700,700931.7,95000,36607.8,33000,19000,22610.7,40,45,36,0.085,0.34,0.012,0.01,18000,0,18000,0
2024-05-01,Orçamento,635,1800.472440944882,0.651,0.034,0.021,1143300,744288.3,95000,38872.2,33000,19000,24009.3,40,45,36,0.085,0.34,0.012,0.01,18000,0,18000,0
2024-06-01,Orçamento,654,1765.137614678899,0.651,0.034,0.021,1154400,751514.4,95000,39249.6,33000,19000,24242.4,40,45,36,0.085,0.34,0.012,0.01,90000,0,18000,0
2024-07-01,Orçamento,578,1805.190311418685,0.651,0.034,0.021,1043400,679253.4,95000,35475.6,33000,19000,21911.4,40,45,36,0.085,0.34,0.012,0.01,18000,0,18000,0
2024-08-01,Orçamento,629,1800,0.651,0.034,0.021,1132200,737062.2,95000,38494.8,33000,19000,23776.2,40,45,36,0.085,0.34,0.012,0.01,18000,0,18000,0
2024-09-01,Orçamento,654,1799.082568807339,0.651,0.034,0.021,1176600,765966.6,95000,40004.4,33000,19000,24708.6,40,45,36,0.085,0.34,0.012,0.01,90000,0,18000,0
2024-10-01,Orçamento,707,1758.415841584159,0.651,0.034,0.021,1243200,809323.2,95000,42268.8,33000,19000,26107.2,40,45,36,0.085,0.34,0.012,0.01,18000,0,18000,0
2024-11-01,Orçamento,800,1789.875,0.651,0.034,0.021,1431900,932166.9,95000,48684.6,33000,19000,30069.9,40,45,36,0.085,0.34,0.012,0.01,18000,0,18000,0
2024-12-01,Orçamento,735,1782.040816326531,0.651,0.034,0.021,1309800,852679.8,95000,44533.2,33000,19000,27505.8,40,45,36,0.085,0.34,0.012,0.01,90000,0,18000,0
2025-01-01,Orçamento,549,1908.633879781421,0.651,0.034,0.021,1047840,682143.84,102600,35626.56,33000,19000,22004.64,40,45,36,0.085,0.34,0.012,0.01,18000,0,18000,0
2025-02-01,Orçamento,575,1890.667826086956,0.651,0.034,0.021,1087134,707724.23,102600,36962.56,33000,19000,22829.81,40,45,36,0.085,0.34,0.012,0.01,18000,0,18000,0
2025-03-01,Orçamento,673,1926.748885586924,0.651,0.034,0.021,1296702,844153,102600,44087.87,33000,19000,27230.74,40,45,36,0.085,0.34,0.012,0.01,90000,0,18000,0
2025-04-01,Orçamento,672,1890.633928571429,0.651,0.034,0.021,1270506,827099.41,102600,43197.2,33000,19000,26680.63,40,45,36,0.085,0.34,0.012,0.01,18000,350000,18000,0
2025-05-01,Orçamento,698,1932.799426934097,0.651,0.034,0.021,1349094,878260.19,102600,45869.2,33000,19000,28330.97,40,45,36,0.085,0.34,0.012,0.01,18000,0,18000,0
2025-06-01,Orçamento,719,1894.564673157163,0.651,0.034,0.021,1362192,886786.99,102600,46314.53,33000,19000,28606.03,40,45,36,0.085,0.34,0.012,0.01,90000,0,18000,0
2025-07-01,Orçamento,636,1935.867924528302,0.651,0.034,0.021,1231212,801519.01,102600,41861.21,33000,19000,25855.45,40,45,36,0.085,0.34,0.012,0.01,18000,0,18000,0
2025-08-01,Orçamento,692,1930.630057803468,0.651,0.034,0.021,1335996,869733.4,102600,45423.86,33000,19000,28055.92,40,45,36,0.085,0.34,0.012,0.01,18000,0,18000,0
2025-09-01,Orçamento,719,1930.998609179416,0.651,0.034,0.021,1388388,903840.59,102600,47205.19,33000,19000,29156.15,40,45,36,0.085,0.34,0.012,0.01,90000,0,18000,0
2025-10-01,Orçamento,778,1885.573264781491,0.651,0.034,0.021,1466976,955001.38,102600,49877.18,33000,19000,30806.5,40,45,36,0.085,0.34,0.012,0.01,18000,0,18000,0
2025-11-01,Orçamento,880,1920.047727272727,0.651,0.034,0.021,1689642,1099956.94,102600,57447.83,33000,19000,35482.48,40,45,36,0.085,0.34,0.012,0.01,18000,0,18000,0
2025-12-01,Orçamento,809,1910.462299134734,0.651,0.034,0.021,1545564,1006162.16,102600,52549.18,33000,19000,32456.84,40,45,36,0.085,0.34,0.012,0.01,90000,0,18000,0
2025-01-01,Forecast 6+6,590,1951.002525423729,0.683682910382736,0.03599999683778394,0.02199999758490092,1151091.49,786981.58,105925,41439.29,33920,20160,25324.01,47,52,35,0.085,0.34,0.012,0.01,18000,0,18000,0
2025-02-01,Forecast 6+6,602,1954.703920265781,0.6847841516574686,0.03599999714463387,0.02200000108775852,1176731.76,805807.26,105925,42362.34,33920,20160,25888.1,47,52,35,0.085,0.34,0.012,0.01,18000,0,18000,0
2025-03-01,Forecast 6+6,709,1960.441579689704,0.6851252273925678,0.0359999993668851,0.02200000161156519,1389953.08,952291.92,105925,50038.31,33920,20160,30578.97,47,52,35,0.085,0.34,0.012,0.01,90000,0,18000,0
2025-04-01,Forecast 6+6,702,1971.933361823362,0.6863343119333867,0.03600000005779105,0.02200000083797033,1384297.22,950090.68,105925,49834.7,33920,48160,30454.54,47,52,35,0.085,0.34,0.012,0.01,18000,350000,18000,0
2025-05-01,Forecast 6+6,744,1948.492647849462,0.6841643712554673,0.03600000201423967,0.02200000161415096,1449678.53,991818.4,105925,52188.43,33920,48160,31892.93,47,52,35,0.085,0.34,0.012,0.01,18000,0,18000,0
2025-06-01,Forecast 6+6,753,1953.733027888446,0.6846361210901346,0.03599999665570247,0.02199999908915474,1471160.97,1007209.94,105925,52961.79,33920,20160,32365.54,47,52,35,0.085,0.34,0.012,0.01,90000,0,18000,0
2025-07-01,Forecast 6+6,636,1804.622641509434,0.672,0.036,0.023,1147740,771281.28,112000,41318.64,33920,20160,26398.02,50,55,35,0.085,0.34,0.012,0.01,18000,0,18000,0
2025-08-01,Forecast 6+6,692,1799.739884393064,0.672,0.036,0.023,1245420,836922.24,112000,44835.12,33920,20160,28644.66,50,55,35,0.085,0.34,0.012,0.01,18000,0,18000,0
2025-09-01,Forecast 6+6,719,1800.083449235049,0.672,0.036,0.023,1294260,869742.72,112000,46593.36,33920,20160,29767.98,50,55,35,0.085,0.34,0.012,0.01,90000,0,18000,0
2025-10-01,Forecast 6+6,778,1757.737789203085,0.672,0.036,0.023,1367520,918973.44,112000,49230.72,33920,20160,31452.96,50,55,35,0.085,0.34,0.012,0.01,18000,0,18000,0
2025-11-01,Forecast 6+6,880,1789.875,0.672,0.036,0.023,1575090,1058460.48,112000,56703.24,33920,20160,36227.07,50,55,35,0.085,0.34,0.012,0.01,18000,0,18000,0
2025-12-01,Forecast 6+6,809,1780.939431396786,0.672,0.036,0.023,1440780,968204.16,112000,51868.08,33920,20160,33137.94,50,55,35,0.085,0.34,0.012,0.01,90000,0,18000,0
2026-01-01,Base 2026,609,2116.949866666667,0.66,0.035,0.023,1289222.47,850886.83,125000,45122.79,37000,24000,29652.12,45,48,36,0.085,0.34,0.012,0.01,22000,0,18000,0
2026-02-01,Base 2026,638,2065.736005015674,0.66,0.035,0.023,1317939.57,869840.12,125000,46127.88,37000,24000,30312.61,45,48,36,0.085,0.34,0.012,0.01,22000,0,18000,0
2026-03-01,Base 2026,747,2083.999263186078,0.66,0.035,0.023,1556747.45,1027453.32,125000,54486.16,37000,24000,35805.19,45,48,36,0.085,0.34,0.012,0.01,120000,0,18000,0
2026-04-01,Base 2026,745,2081.091122684564,0.66,0.035,0.023,1550412.89,1023272.51,125000,54264.45,37000,24000,35659.5,45,48,36,0.085,0.34,0.012,0.01,22000,0,18000,0
2026-05-01,Base 2026,775,2095.019294967742,0.6599999999999999,0.035,0.023,1623639.95,1071602.37,125000,56827.4,37000,24000,37343.72,45,48,36,0.085,0.34,0.012,0.01,22000,0,18000,0
2026-06-01,Base 2026,798,2064.787326315789,0.66,0.035,0.023,1647700.29,1087482.19,125000,57669.51,37000,24000,37897.11,45,48,36,0.085,0.34,0.012,0.01,120000,0,18000,0
2026-07-01,Base 2026,705,1917.99996822695,0.66,0.035,0.023,1352189.98,892445.39,125000,47326.65,37000,24000,31100.37,45,48,36,0.085,0.34,0.012,0.01,22000,0,18000,0
2026-08-01,Base 2026,767,1896.326233116037,0.66,0.035,0.023,1454482.22,959958.27,125000,50906.88,37000,24000,33453.09,45,48,36,0.085,0.34,0.012,0.01,22000,0,18000,0
2026-09-01,Base 2026,798,1944.296631578948,0.66,0.035,0.023,1551548.71,1024022.15,125000,54304.2,37000,24000,35685.62,45,48,36,0.085,0.34,0.012,0.01,120000,0,18000,0
2026-10-01,Base 2026,863,2019.359857242179,0.6599999999999999,0.035,0.023,1742707.56,1150186.99,125000,60994.76,37000,24000,40082.27,45,48,36,0.085,0.34,0.012,0.01,22000,0,18000,0
2026-11-01,Base 2026,976,2093.590662295082,0.6599999999999999,0.035,0.023,2043344.49,1348607.36,125000,71517.06,37000,24000,46996.92,45,48,36,0.085,0.34,0.012,0.01,22000,0,18000,0
2026-12-01,Base 2026,897,2116.542886956522,0.66,0.035,0.023,1898538.97,1253035.72,125000,66448.86,37000,24000,43666.4,45,48,36,0.085,0.34,0.012,0.01,120000,0,18000,0
2026-01-01,Otimista 2026,609,2305.963247619047,0.644,0.035,0.023,1404331.62,904389.56,125000,49151.61,37000,24000,32299.63,38,42,38,0.085,0.34,0.012,0.01,22000,0,18000,0
2026-02-01,Otimista 2026,638,2250.176719749216,0.644,0.035,0.023,1435612.75,924534.61,125000,50246.45,37000,24000,33019.09,38,42,38,0.085,0.34,0.012,0.01,22000,0,18000,0
2026-03-01,Otimista 2026,747,2270.070625970549,0.644,0.035,0.023,1695742.76,1092058.34,125000,59351,37000,24000,39002.08,38,42,38,0.085,0.34,0.012,0.01,120000,0,18000,0
2026-04-01,Otimista 2026,745,2266.902830067114,0.644,0.035,0.023,1688842.61,1087614.64,125000,59109.49,37000,24000,38843.38,38,42,38,0.085,0.34,0.012,0.01,22000,0,18000,0
2026-05-01,Otimista 2026,775,2282.074589161291,0.644,0.035,0.023,1768607.81,1138983.43,125000,61901.27,37000,24000,40677.98,38,42,38,0.085,0.34,0.012,0.01,22000,0,18000,0
2026-06-01,Otimista 2026,798,2249.143337593985,0.644,0.035,0.023,1794816.38,1155861.75,125000,62818.57,37000,24000,41280.78,38,42,38,0.085,0.34,0.012,0.01,120000,0,18000,0
2026-07-01,Otimista 2026,705,2089.249965390071,0.644,0.035,0.023,1472921.23,948561.27,125000,51552.24,37000,24000,33877.19,38,42,38,0.085,0.34,0.012,0.01,22000,0,18000,0
2026-08-01,Otimista 2026,767,2065.64107535854,0.644,0.035,0.023,1584346.7,1020319.28,125000,55452.13,37000,24000,36439.97,38,42,38,0.085,0.34,0.012,0.01,22000,0,18000,0
2026-09-01,Otimista 2026,798,2117.894545112782,0.644,0.035,0.023,1690079.85,1088411.42,125000,59152.79,37000,24000,38871.84,38,42,38,0.085,0.34,0.012,0.01,120000,0,18000,0
2026-10-01,Otimista 2026,863,2199.659844495945,0.644,0.035,0.023,1898306.45,1222509.35,125000,66440.73,37000,24000,43661.05,38,42,38,0.085,0.34,0.012,0.01,22000,0,18000,0
2026-11-01,Otimista 2026,976,2280.5184,0.644,0.035,0.023,2225785.96,1433406.16,125000,77902.51,37000,24000,51193.08,38,42,38,0.085,0.34,0.012,0.01,22000,0,18000,0
2026-12-01,Otimista 2026,897,2305.519930434783,0.644,0.035,0.023,2068051.38,1331825.09,125000,72381.8,37000,24000,47565.18,38,42,38,0.085,0.34,0.012,0.01,120000,0,18000,0
2026-01-01,Adverso 2026,609,1776.725780952381,0.701,0.035,0.023,1082026,758500.23,125000,37870.91,37000,24000,24886.6,65,68,30,0.085,0.34,0.012,0.01,22000,0,18000,0
2026-02-01,Adverso 2026,638,1733.742718495298,0.701,0.035,0.023,1106127.85,775395.63,125000,38714.47,37000,24000,25440.94,65,68,30,0.085,0.34,0.012,0.01,22000,0,18000,0
2026-03-01,Adverso 2026,747,1749.070810174029,0.701,0.035,0.023,1306555.9,915895.68,125000,45729.46,37000,24000,30050.79,65,68,30,0.085,0.34,0.012,0.01,120000,1800000,18000,0
2026-04-01,Adverso 2026,745,1746.630049395973,0.701,0.035,0.023,1301239.39,912168.81,125000,45543.38,37000,24000,29928.51,65,68,30,0.085,0.34,0.012,0.01,22000,0,18000,0
2026-05-01,Adverso 2026,775,1758.319765419355,0.701,0.035,0.023,1362697.82,955251.17,125000,47694.42,37000,24000,31342.05,65,68,30,0.085,0.34,0.012,0.01,22000,0,18000,0
2026-06-01,Adverso 2026,798,1732.946506015037,0.701,0.035,0.023,1382891.31,969406.81,125000,48401.2,37000,24000,31806.5,65,68,30,0.085,0.34,0.012,0.01,120000,0,18000,0
2026-07-01,Adverso 2026,705,1609.749973333333,0.701,0.035,0.023,1134873.73,795546.49,125000,39720.58,37000,24000,26102.1,65,68,30,0.085,0.34,0.012,0.01,22000,0,18000,0
2026-08-01,Adverso 2026,767,1591.559517079531,0.701,0.035,0.023,1220726.15,855729.03,125000,42725.42,37000,24000,28076.7,65,68,30,0.085,0.34,0.012,0.01,22000,0,18000,0
2026-09-01,Adverso 2026,798,1631.820387218045,0.701,0.035,0.023,1302192.67,912837.06,125000,45576.74,37000,24000,29950.43,65,68,30,0.085,0.34,0.012,0.01,120000,0,18000,0
2026-10-01,Adverso 2026,863,1694.8198801854,0.701,0.035,0.023,1462629.56,1025303.32,125000,51192.03,37000,24000,33640.48,65,68,30,0.085,0.34,0.012,0.01,22000,0,18000,0
2026-11-01,Adverso 2026,976,1757.12073442623,0.701,0.035,0.023,1714949.84,1202179.84,125000,60023.24,37000,24000,39443.85,65,68,30,0.085,0.34,0.012,0.01,22000,0,18000,0
2026-12-01,Adverso 2026,897,1776.384208695652,0.7009999999999998,0.035,0.023,1593416.64,1116985.06,125000,55769.58,37000,24000,36648.58,65,68,30,0.085,0.34,0.012,0.01,120000,0,18000,0
